property	url	status	title
--*	http://dev.w3.org/csswg/css-variables/#propdef-	ED	CSS Custom Properties for Cascading Variables Module Level 1
--*	http://www.w3.org/TR/2015/CR-css-variables-1-20151203/#propdef-	CR	CSS Custom Properties for Cascading Variables Module Level 1
align-content	http://dev.w3.org/csswg/css-align/#propdef-align-content	ED	CSS Box Alignment Module Level 3
align-content	http://www.w3.org/TR/2014/WD-css-align-3-20141218/#propdef-align-content	WD	CSS Box Alignment Module Level 3
align-content	http://www.w3.org/TR/2016/CR-css-flexbox-1-20160301/#propdef-align-content	CR	CSS Flexible Box Layout Module Level 1
align-content	https://drafts.csswg.org/css-flexbox/#propdef-align-content	ED	CSS Flexible Box Layout Module Level 1
align-items	http://dev.w3.org/csswg/css-align/#propdef-align-items	ED	CSS Box Alignment Module Level 3
align-items	http://www.w3.org/TR/2014/WD-css-align-3-20141218/#propdef-align-items	WD	CSS Box Alignment Module Level 3
align-items	http://www.w3.org/TR/2016/CR-css-flexbox-1-20160301/#propdef-align-items	CR	CSS Flexible Box Layout Module Level 1
align-items	https://drafts.csswg.org/css-flexbox/#propdef-align-items	ED	CSS Flexible Box Layout Module Level 1
align-self	http://dev.w3.org/csswg/css-align/#propdef-align-self	ED	CSS Box Alignment Module Level 3
align-self	http://www.w3.org/TR/2014/WD-css-align-3-20141218/#propdef-align-self	WD	CSS Box Alignment Module Level 3
align-self	http://www.w3.org/TR/2016/CR-css-flexbox-1-20160301/#propdef-align-self	CR	CSS Flexible Box Layout Module Level 1
align-self	https://drafts.csswg.org/css-flexbox/#propdef-align-self	ED	CSS Flexible Box Layout Module Level 1
alignment-baseline	http://dev.w3.org/csswg/css-inline/#propdef-alignment-baseline	ED	CSS Inline Layout Module Level 3
alignment-baseline	http://www.w3.org/TR/2015/WD-css-inline-3-20150917/#propdef-alignment-baseline	WD	CSS Inline Layout Module Level 3
all	http://dev.w3.org/csswg/css-cascade-3/#propdef-all	ED	CSS Cascading and Inheritance Level 3
all	http://dev.w3.org/csswg/css-cascade/#propdef-all	ED	CSS Cascading and Inheritance Level 4
all	http://www.w3.org/TR/2015/CR-css-cascade-3-20150416/#propdef-all	CR	CSS Cascading and Inheritance Level 3
all	http://www.w3.org/TR/2016/CR-css-cascade-4-20160114/#propdef-all	CR	CSS Cascading and Inheritance Level 4
animation	http://www.w3.org/TR/2013/WD-css3-animations-20130219/#animation	WD	CSS Animations
animation-delay	http://www.w3.org/TR/2013/WD-css3-animations-20130219/#animation-delay	WD	CSS Animations
animation-direction	http://www.w3.org/TR/2013/WD-css3-animations-20130219/#animation-direction	WD	CSS Animations
animation-duration	http://www.w3.org/TR/2013/WD-css3-animations-20130219/#animation-duration	WD	CSS Animations
animation-fill-mode	http://www.w3.org/TR/2013/WD-css3-animations-20130219/#animation-fill-mode	WD	CSS Animations
animation-iteration-count	http://www.w3.org/TR/2013/WD-css3-animations-20130219/#animation-iteration-count	WD	CSS Animations
animation-name	http://www.w3.org/TR/2013/WD-css3-animations-20130219/#animation-name	WD	CSS Animations
animation-play-state	http://www.w3.org/TR/2013/WD-css3-animations-20130219/#animation-play-state	WD	CSS Animations
animation-timing-function	http://www.w3.org/TR/2013/WD-css3-animations-20130219/#animation-timing-function	WD	CSS Animations
appearance	http://dev.w3.org/csswg/css-ui-4/#propdef-appearance	ED	CSS Basic User Interface Module Level 4
appearance	http://www.w3.org/TR/2015/WD-css-ui-4-20150922/#propdef-appearance	FPWD	CSS Basic User Interface Module Level 4
azimuth	http://www.w3.org/TR/2011/REC-CSS2-20110607/aural.html#propdef-azimuth	REC	CSS 2.1
backface-visibility	http://dev.w3.org/csswg/css-transforms/#propdef-backface-visibility	ED	CSS Transforms Module Level 1
backface-visibility	http://www.w3.org/TR/2013/WD-css-transforms-1-20131126/#propdef-backface-visibility	WD	CSS Transforms Module Level 1
background	http://dev.w3.org/csswg/css3-background/#background	ED	CSS Backgrounds and Borders Module Level 3
background	http://www.w3.org/TR/2011/REC-CSS2-20110607/colors.html#propdef-background	REC	CSS 2.1
background	http://www.w3.org/TR/2014/CR-css3-background-20140909/#background	CR	CSS Backgrounds and Borders Module Level 3
background-attachment	http://dev.w3.org/csswg/css3-background/#background-attachment	ED	CSS Backgrounds and Borders Module Level 3
background-attachment	http://www.w3.org/TR/2011/REC-CSS2-20110607/colors.html#propdef-background-attachment	REC	CSS 2.1
background-attachment	http://www.w3.org/TR/2014/CR-css3-background-20140909/#background-attachment	CR	CSS Backgrounds and Borders Module Level 3
background-blend-mode	http://dev.w3.org/fxtf/compositing-1/#propdef-background-blend-mode	ED	Compositing and Blending Level 1
background-blend-mode	http://www.w3.org/TR/2015/CR-compositing-1-20150113/#propdef-background-blend-mode	CR	Compositing and Blending Level 1
background-clip	http://dev.w3.org/csswg/css3-background/#background-clip	ED	CSS Backgrounds and Borders Module Level 3
background-clip	http://www.w3.org/TR/2014/CR-css3-background-20140909/#background-clip	CR	CSS Backgrounds and Borders Module Level 3
background-color	http://dev.w3.org/csswg/css3-background/#background-color	ED	CSS Backgrounds and Borders Module Level 3
background-color	http://www.w3.org/TR/2011/REC-CSS2-20110607/colors.html#propdef-background-color	REC	CSS 2.1
background-color	http://www.w3.org/TR/2014/CR-css3-background-20140909/#background-color	CR	CSS Backgrounds and Borders Module Level 3
background-image	http://dev.w3.org/csswg/css3-background/#background-image	ED	CSS Backgrounds and Borders Module Level 3
background-image	http://www.w3.org/TR/2011/REC-CSS2-20110607/colors.html#propdef-background-image	REC	CSS 2.1
background-image	http://www.w3.org/TR/2014/CR-css3-background-20140909/#background-image	CR	CSS Backgrounds and Borders Module Level 3
background-origin	http://dev.w3.org/csswg/css3-background/#background-origin	ED	CSS Backgrounds and Borders Module Level 3
background-origin	http://www.w3.org/TR/2014/CR-css3-background-20140909/#background-origin	CR	CSS Backgrounds and Borders Module Level 3
background-position	http://dev.w3.org/csswg/css3-background/#background-position	ED	CSS Backgrounds and Borders Module Level 3
background-position	http://www.w3.org/TR/2011/REC-CSS2-20110607/colors.html#propdef-background-position	REC	CSS 2.1
background-position	http://www.w3.org/TR/2014/CR-css3-background-20140909/#background-position	CR	CSS Backgrounds and Borders Module Level 3
background-repeat	http://dev.w3.org/csswg/css3-background/#background-repeat	ED	CSS Backgrounds and Borders Module Level 3
background-repeat	http://www.w3.org/TR/2011/REC-CSS2-20110607/colors.html#propdef-background-repeat	REC	CSS 2.1
background-repeat	http://www.w3.org/TR/2014/CR-css3-background-20140909/#background-repeat	CR	CSS Backgrounds and Borders Module Level 3
background-size	http://dev.w3.org/csswg/css3-background/#background-size	ED	CSS Backgrounds and Borders Module Level 3
background-size	http://www.w3.org/TR/2014/CR-css3-background-20140909/#background-size	CR	CSS Backgrounds and Borders Module Level 3
baseline-shift	http://dev.w3.org/csswg/css-inline/#propdef-baseline-shift	ED	CSS Inline Layout Module Level 3
baseline-shift	http://www.w3.org/TR/2015/WD-css-inline-3-20150917/#propdef-baseline-shift	WD	CSS Inline Layout Module Level 3
bookmark-label	http://www.w3.org/TR/2014/WD-css-gcpm-3-20140513/#propdef-bookmark-label	WD	CSS Generated Content for Paged Media Module
bookmark-level	http://www.w3.org/TR/2014/WD-css-gcpm-3-20140513/#propdef-bookmark-level	WD	CSS Generated Content for Paged Media Module
bookmark-state	http://www.w3.org/TR/2014/WD-css-gcpm-3-20140513/#propdef-bookmark-state	WD	CSS Generated Content for Paged Media Module
border	http://dev.w3.org/csswg/css3-background/#border	ED	CSS Backgrounds and Borders Module Level 3
border	http://www.w3.org/TR/2011/REC-CSS2-20110607/box.html#propdef-border	REC	CSS 2.1
border	http://www.w3.org/TR/2014/CR-css3-background-20140909/#border	CR	CSS Backgrounds and Borders Module Level 3
border-bottom	http://dev.w3.org/csswg/css3-background/#border-bottom	ED	CSS Backgrounds and Borders Module Level 3
border-bottom	http://www.w3.org/TR/2011/REC-CSS2-20110607/box.html#propdef-border-bottom	REC	CSS 2.1
border-bottom	http://www.w3.org/TR/2014/CR-css3-background-20140909/#border-bottom	CR	CSS Backgrounds and Borders Module Level 3
border-bottom-color	http://dev.w3.org/csswg/css3-background/#border-bottom-color	ED	CSS Backgrounds and Borders Module Level 3
border-bottom-color	http://www.w3.org/TR/2011/REC-CSS2-20110607/box.html#propdef-border-bottom-color	REC	CSS 2.1
border-bottom-color	http://www.w3.org/TR/2014/CR-css3-background-20140909/#border-bottom-color	CR	CSS Backgrounds and Borders Module Level 3
border-bottom-left-radius	http://dev.w3.org/csswg/css3-background/#border-bottom-left-radius	ED	CSS Backgrounds and Borders Module Level 3
border-bottom-left-radius	http://www.w3.org/TR/2014/CR-css3-background-20140909/#border-bottom-left-radius	CR	CSS Backgrounds and Borders Module Level 3
border-bottom-right-radius	http://dev.w3.org/csswg/css3-background/#border-bottom-right-radius	ED	CSS Backgrounds and Borders Module Level 3
border-bottom-right-radius	http://www.w3.org/TR/2014/CR-css3-background-20140909/#border-bottom-right-radius	CR	CSS Backgrounds and Borders Module Level 3
border-bottom-style	http://dev.w3.org/csswg/css3-background/#border-bottom-style	ED	CSS Backgrounds and Borders Module Level 3
border-bottom-style	http://www.w3.org/TR/2011/REC-CSS2-20110607/box.html#propdef-border-bottom-style	REC	CSS 2.1
border-bottom-style	http://www.w3.org/TR/2014/CR-css3-background-20140909/#border-bottom-style	CR	CSS Backgrounds and Borders Module Level 3
border-bottom-width	http://dev.w3.org/csswg/css3-background/#border-bottom-width	ED	CSS Backgrounds and Borders Module Level 3
border-bottom-width	http://www.w3.org/TR/2011/REC-CSS2-20110607/box.html#propdef-border-bottom-width	REC	CSS 2.1
border-bottom-width	http://www.w3.org/TR/2014/CR-css3-background-20140909/#border-bottom-width	CR	CSS Backgrounds and Borders Module Level 3
border-boundary	http://www.w3.org/TR/2016/WD-css-round-display-1-20160301/#propdef-border-boundary	WD	CSS Round Display Level 1
border-boundary	https://drafts.csswg.org/css-round-display/#propdef-border-boundary	ED	CSS Round Display Level 1
border-collapse	http://www.w3.org/TR/2011/REC-CSS2-20110607/tables.html#propdef-border-collapse	REC	CSS 2.1
border-color	http://dev.w3.org/csswg/css3-background/#border-color	ED	CSS Backgrounds and Borders Module Level 3
border-color	http://www.w3.org/TR/2011/REC-CSS2-20110607/box.html#propdef-border-color	REC	CSS 2.1
border-color	http://www.w3.org/TR/2014/CR-css3-background-20140909/#border-color	CR	CSS Backgrounds and Borders Module Level 3
border-image	http://dev.w3.org/csswg/css3-background/#border-image	ED	CSS Backgrounds and Borders Module Level 3
border-image	http://www.w3.org/TR/2014/CR-css3-background-20140909/#border-image	CR	CSS Backgrounds and Borders Module Level 3
border-image-outset	http://dev.w3.org/csswg/css3-background/#border-image-outset	ED	CSS Backgrounds and Borders Module Level 3
border-image-outset	http://www.w3.org/TR/2014/CR-css3-background-20140909/#border-image-outset	CR	CSS Backgrounds and Borders Module Level 3
border-image-repeat	http://dev.w3.org/csswg/css3-background/#border-image-repeat	ED	CSS Backgrounds and Borders Module Level 3
border-image-repeat	http://www.w3.org/TR/2014/CR-css3-background-20140909/#border-image-repeat	CR	CSS Backgrounds and Borders Module Level 3
border-image-slice	http://dev.w3.org/csswg/css3-background/#border-image-slice	ED	CSS Backgrounds and Borders Module Level 3
border-image-slice	http://www.w3.org/TR/2014/CR-css3-background-20140909/#border-image-slice	CR	CSS Backgrounds and Borders Module Level 3
border-image-source	http://dev.w3.org/csswg/css3-background/#border-image-source	ED	CSS Backgrounds and Borders Module Level 3
border-image-source	http://www.w3.org/TR/2014/CR-css3-background-20140909/#border-image-source	CR	CSS Backgrounds and Borders Module Level 3
border-image-width	http://dev.w3.org/csswg/css3-background/#border-image-width	ED	CSS Backgrounds and Borders Module Level 3
border-image-width	http://www.w3.org/TR/2014/CR-css3-background-20140909/#border-image-width	CR	CSS Backgrounds and Borders Module Level 3
border-left	http://dev.w3.org/csswg/css3-background/#border-left	ED	CSS Backgrounds and Borders Module Level 3
border-left	http://www.w3.org/TR/2011/REC-CSS2-20110607/box.html#propdef-border-left	REC	CSS 2.1
border-left	http://www.w3.org/TR/2014/CR-css3-background-20140909/#border-left	CR	CSS Backgrounds and Borders Module Level 3
border-left-color	http://dev.w3.org/csswg/css3-background/#border-left-color	ED	CSS Backgrounds and Borders Module Level 3
border-left-color	http://www.w3.org/TR/2011/REC-CSS2-20110607/box.html#propdef-border-left-color	REC	CSS 2.1
border-left-color	http://www.w3.org/TR/2014/CR-css3-background-20140909/#border-left-color	CR	CSS Backgrounds and Borders Module Level 3
border-left-style	http://dev.w3.org/csswg/css3-background/#border-left-style	ED	CSS Backgrounds and Borders Module Level 3
border-left-style	http://www.w3.org/TR/2011/REC-CSS2-20110607/box.html#propdef-border-left-style	REC	CSS 2.1
border-left-style	http://www.w3.org/TR/2014/CR-css3-background-20140909/#border-left-style	CR	CSS Backgrounds and Borders Module Level 3
border-left-width	http://dev.w3.org/csswg/css3-background/#border-left-width	ED	CSS Backgrounds and Borders Module Level 3
border-left-width	http://www.w3.org/TR/2011/REC-CSS2-20110607/box.html#propdef-border-left-width	REC	CSS 2.1
border-left-width	http://www.w3.org/TR/2014/CR-css3-background-20140909/#border-left-width	CR	CSS Backgrounds and Borders Module Level 3
border-radius	http://dev.w3.org/csswg/css3-background/#border-radius	ED	CSS Backgrounds and Borders Module Level 3
border-radius	http://www.w3.org/TR/2014/CR-css3-background-20140909/#border-radius	CR	CSS Backgrounds and Borders Module Level 3
border-right	http://dev.w3.org/csswg/css3-background/#border-right	ED	CSS Backgrounds and Borders Module Level 3
border-right	http://www.w3.org/TR/2011/REC-CSS2-20110607/box.html#propdef-border-right	REC	CSS 2.1
border-right	http://www.w3.org/TR/2014/CR-css3-background-20140909/#border-right	CR	CSS Backgrounds and Borders Module Level 3
border-right-color	http://dev.w3.org/csswg/css3-background/#border-right-color	ED	CSS Backgrounds and Borders Module Level 3
border-right-color	http://www.w3.org/TR/2011/REC-CSS2-20110607/box.html#propdef-border-right-color	REC	CSS 2.1
border-right-color	http://www.w3.org/TR/2014/CR-css3-background-20140909/#border-right-color	CR	CSS Backgrounds and Borders Module Level 3
border-right-style	http://dev.w3.org/csswg/css3-background/#border-right-style	ED	CSS Backgrounds and Borders Module Level 3
border-right-style	http://www.w3.org/TR/2011/REC-CSS2-20110607/box.html#propdef-border-right-style	REC	CSS 2.1
border-right-style	http://www.w3.org/TR/2014/CR-css3-background-20140909/#border-right-style	CR	CSS Backgrounds and Borders Module Level 3
border-right-width	http://dev.w3.org/csswg/css3-background/#border-right-width	ED	CSS Backgrounds and Borders Module Level 3
border-right-width	http://www.w3.org/TR/2011/REC-CSS2-20110607/box.html#propdef-border-right-width	REC	CSS 2.1
border-right-width	http://www.w3.org/TR/2014/CR-css3-background-20140909/#border-right-width	CR	CSS Backgrounds and Borders Module Level 3
border-spacing	http://www.w3.org/TR/2011/REC-CSS2-20110607/tables.html#propdef-border-spacing	REC	CSS 2.1
border-style	http://dev.w3.org/csswg/css3-background/#border-style	ED	CSS Backgrounds and Borders Module Level 3
border-style	http://www.w3.org/TR/2011/REC-CSS2-20110607/box.html#propdef-border-style	REC	CSS 2.1
border-style	http://www.w3.org/TR/2014/CR-css3-background-20140909/#border-style	CR	CSS Backgrounds and Borders Module Level 3
border-top	http://dev.w3.org/csswg/css3-background/#border-top	ED	CSS Backgrounds and Borders Module Level 3
border-top	http://www.w3.org/TR/2011/REC-CSS2-20110607/box.html#propdef-border-top	REC	CSS 2.1
border-top	http://www.w3.org/TR/2014/CR-css3-background-20140909/#border-top	CR	CSS Backgrounds and Borders Module Level 3
border-top-color	http://dev.w3.org/csswg/css3-background/#border-top-color	ED	CSS Backgrounds and Borders Module Level 3
border-top-color	http://www.w3.org/TR/2011/REC-CSS2-20110607/box.html#propdef-border-top-color	REC	CSS 2.1
border-top-color	http://www.w3.org/TR/2014/CR-css3-background-20140909/#border-top-color	CR	CSS Backgrounds and Borders Module Level 3
border-top-left-radius	http://dev.w3.org/csswg/css3-background/#border-top-left-radius	ED	CSS Backgrounds and Borders Module Level 3
border-top-left-radius	http://www.w3.org/TR/2014/CR-css3-background-20140909/#border-top-left-radius	CR	CSS Backgrounds and Borders Module Level 3
border-top-right-radius	http://dev.w3.org/csswg/css3-background/#border-top-right-radius	ED	CSS Backgrounds and Borders Module Level 3
border-top-right-radius	http://www.w3.org/TR/2014/CR-css3-background-20140909/#border-top-right-radius	CR	CSS Backgrounds and Borders Module Level 3
border-top-style	http://dev.w3.org/csswg/css3-background/#border-top-style	ED	CSS Backgrounds and Borders Module Level 3
border-top-style	http://www.w3.org/TR/2011/REC-CSS2-20110607/box.html#propdef-border-top-style	REC	CSS 2.1
border-top-style	http://www.w3.org/TR/2014/CR-css3-background-20140909/#border-top-style	CR	CSS Backgrounds and Borders Module Level 3
border-top-width	http://dev.w3.org/csswg/css3-background/#border-top-width	ED	CSS Backgrounds and Borders Module Level 3
border-top-width	http://www.w3.org/TR/2011/REC-CSS2-20110607/box.html#propdef-border-top-width	REC	CSS 2.1
border-top-width	http://www.w3.org/TR/2014/CR-css3-background-20140909/#border-top-width	CR	CSS Backgrounds and Borders Module Level 3
border-width	http://dev.w3.org/csswg/css3-background/#border-width	ED	CSS Backgrounds and Borders Module Level 3
border-width	http://www.w3.org/TR/2011/REC-CSS2-20110607/box.html#propdef-border-width	REC	CSS 2.1
border-width	http://www.w3.org/TR/2014/CR-css3-background-20140909/#border-width	CR	CSS Backgrounds and Borders Module Level 3
bottom	http://dev.w3.org/csswg/css-position/#propdef-bottom	ED	CSS Positioned Layout Module Level 3
bottom	http://www.w3.org/TR/2011/REC-CSS2-20110607/visuren.html#propdef-bottom	REC	CSS 2.1
bottom	http://www.w3.org/TR/2015/WD-css3-positioning-20150203/#propdef-bottom	WD	CSS Positioned Layout Module Level 3
box-decoration-break	http://dev.w3.org/csswg/css-break/#propdef-box-decoration-break	ED	CSS Fragmentation Module Level 3
box-decoration-break	http://www.w3.org/TR/2016/CR-css-break-3-20160114/#propdef-box-decoration-break	CR	CSS Fragmentation Module Level 3
box-shadow	http://dev.w3.org/csswg/css3-background/#box-shadow	ED	CSS Backgrounds and Borders Module Level 3
box-shadow	http://www.w3.org/TR/2014/CR-css3-background-20140909/#box-shadow	CR	CSS Backgrounds and Borders Module Level 3
box-sizing	http://dev.w3.org/csswg/css-ui/#propdef-box-sizing	ED	CSS Basic User Interface Module Level 3 (CSS3 UI)
box-sizing	http://www.w3.org/TR/2015/CR-css-ui-3-20150707/#propdef-box-sizing	CR	CSS Basic User Interface Module Level 3 (CSS3 UI)
box-snap	http://dev.w3.org/csswg/css-line-grid/#propdef-box-snap	ED	CSS Line Grid Module Level 1
box-snap	http://www.w3.org/TR/2014/WD-css-line-grid-1-20140916/#propdef-box-snap	WD	CSS Line Grid Module Level 1
box-suppress	http://dev.w3.org/csswg/css-display/#propdef-box-suppress	ED	CSS Display Module Level 3
box-suppress	http://www.w3.org/TR/2015/WD-css-display-3-20151015/#propdef-box-suppress	WD	CSS Display Module Level 3
break-after	http://dev.w3.org/csswg/css-break/#propdef-break-after	ED	CSS Fragmentation Module Level 3
break-after	http://dev.w3.org/csswg/css-regions/#propdef-break-after	ED	CSS Regions Module Level 1
break-after	http://www.w3.org/TR/2011/CR-css3-multicol-20110412#break-after	CR	CSS Multi-column Layout Module
break-after	http://www.w3.org/TR/2014/WD-css-regions-1-20141009/#propdef-break-after	WD	CSS Regions Module Level 1
break-after	http://www.w3.org/TR/2016/CR-css-break-3-20160114/#propdef-break-after	CR	CSS Fragmentation Module Level 3
break-before	http://dev.w3.org/csswg/css-break/#propdef-break-before	ED	CSS Fragmentation Module Level 3
break-before	http://dev.w3.org/csswg/css-regions/#propdef-break-before	ED	CSS Regions Module Level 1
break-before	http://www.w3.org/TR/2011/CR-css3-multicol-20110412#break-before	CR	CSS Multi-column Layout Module
break-before	http://www.w3.org/TR/2014/WD-css-regions-1-20141009/#propdef-break-before	WD	CSS Regions Module Level 1
break-before	http://www.w3.org/TR/2016/CR-css-break-3-20160114/#propdef-break-before	CR	CSS Fragmentation Module Level 3
break-inside	http://dev.w3.org/csswg/css-break/#propdef-break-inside	ED	CSS Fragmentation Module Level 3
break-inside	http://dev.w3.org/csswg/css-regions/#propdef-break-inside	ED	CSS Regions Module Level 1
break-inside	http://www.w3.org/TR/2011/CR-css3-multicol-20110412#break-inside	CR	CSS Multi-column Layout Module
break-inside	http://www.w3.org/TR/2014/WD-css-regions-1-20141009/#propdef-break-inside	WD	CSS Regions Module Level 1
break-inside	http://www.w3.org/TR/2016/CR-css-break-3-20160114/#propdef-break-inside	CR	CSS Fragmentation Module Level 3
caption-side	http://www.w3.org/TR/2011/REC-CSS2-20110607/tables.html#propdef-caption-side	REC	CSS 2.1
caret	http://dev.w3.org/csswg/css-ui-4/#propdef-caret	ED	CSS Basic User Interface Module Level 4
caret	http://www.w3.org/TR/2015/WD-css-ui-4-20150922/#propdef-caret	FPWD	CSS Basic User Interface Module Level 4
caret-animation	http://www.w3.org/TR/2015/WD-css-ui-4-20150922/#propdef-caret-animation	FPWD	CSS Basic User Interface Module Level 4
caret-color	http://dev.w3.org/csswg/css-ui/#propdef-caret-color	ED	CSS Basic User Interface Module Level 3 (CSS3 UI)
caret-color	http://www.w3.org/TR/2015/CR-css-ui-3-20150707/#propdef-caret-color	CR	CSS Basic User Interface Module Level 3 (CSS3 UI)
caret-shape	http://dev.w3.org/csswg/css-ui-4/#propdef-caret-shape	ED	CSS Basic User Interface Module Level 4
caret-shape	http://www.w3.org/TR/2015/WD-css-ui-4-20150922/#propdef-caret-shape	FPWD	CSS Basic User Interface Module Level 4
chains	http://dev.w3.org/csswg/css-template/#chains0	ED	CSS Template Layout Module
chains	http://www.w3.org/TR/2015/NOTE-css-template-3-20150326/#chains0	NOTE	CSS Template Layout Module
clear	http://dev.w3.org/csswg/css-page-floats/#propdef-clear	ED	CSS Page Floats
clear	http://www.w3.org/TR/2007/WD-css3-box-20070809#clear	WD	CSS basic box model
clear	http://www.w3.org/TR/2011/REC-CSS2-20110607/visuren.html#propdef-clear	REC	CSS 2.1
clear	http://www.w3.org/TR/2015/WD-css-page-floats-3-20150915/#propdef-clear	FPWD	CSS Page Floats
clip	http://dev.w3.org/fxtf/css-masking-1/#propdef-clip	ED	CSS Masking Module Level 1
clip	http://www.w3.org/TR/2011/REC-CSS2-20110607/visufx.html#propdef-clip	REC	CSS 2.1
clip	http://www.w3.org/TR/2014/CR-css-masking-1-20140826/#propdef-clip	CR	CSS Masking Module Level 1
clip-path	http://dev.w3.org/fxtf/css-masking-1/#propdef-clip-path	ED	CSS Masking Module Level 1
clip-path	http://www.w3.org/TR/2014/CR-css-masking-1-20140826/#propdef-clip-path	CR	CSS Masking Module Level 1
clip-rule	http://dev.w3.org/fxtf/css-masking-1/#propdef-clip-rule	ED	CSS Masking Module Level 1
clip-rule	http://www.w3.org/TR/2014/CR-css-masking-1-20140826/#propdef-clip-rule	CR	CSS Masking Module Level 1
color	http://www.w3.org/TR/2011/REC-CSS2-20110607/colors.html#propdef-color	REC	CSS 2.1
color	http://www.w3.org/TR/2011/REC-css3-color-20110607#color0	REC	CSS Color Module Level 3
color-interpolation-filters	http://dev.w3.org/fxtf/filters/#propdef-color-interpolation-filters	ED	Filter Effects Module Level 1
color-interpolation-filters	http://www.w3.org/TR/2014/WD-filter-effects-1-20141125/#propdef-color-interpolation-filters	WD	Filter Effects Module Level 1
column-count	http://www.w3.org/TR/2011/CR-css3-multicol-20110412#column-count	CR	CSS Multi-column Layout Module
column-fill	http://www.w3.org/TR/2011/CR-css3-multicol-20110412#column-fill	CR	CSS Multi-column Layout Module
column-gap	http://www.w3.org/TR/2011/CR-css3-multicol-20110412#column-gap0	CR	CSS Multi-column Layout Module
column-rule	http://www.w3.org/TR/2011/CR-css3-multicol-20110412#column-rule0	CR	CSS Multi-column Layout Module
column-rule-color	http://www.w3.org/TR/2011/CR-css3-multicol-20110412#column-rule-color	CR	CSS Multi-column Layout Module
column-rule-style	http://www.w3.org/TR/2011/CR-css3-multicol-20110412#column-rule-style	CR	CSS Multi-column Layout Module
column-rule-width	http://www.w3.org/TR/2011/CR-css3-multicol-20110412#column-rule-width	CR	CSS Multi-column Layout Module
column-span	http://www.w3.org/TR/2011/CR-css3-multicol-20110412#column-span0	CR	CSS Multi-column Layout Module
column-width	http://www.w3.org/TR/2011/CR-css3-multicol-20110412#column-width	CR	CSS Multi-column Layout Module
columns	http://www.w3.org/TR/2011/CR-css3-multicol-20110412#columns0	CR	CSS Multi-column Layout Module
content	http://www.w3.org/TR/2003/WD-css3-content-20030514#content	WD	CSS3 Generated and Replaced Content Module
content	http://www.w3.org/TR/2011/REC-CSS2-20110607/generate.html#propdef-content	REC	CSS 2.1
counter-increment	http://dev.w3.org/csswg/css3-lists/#propdef-counter-increment	ED	CSS Lists and Counters Module Level 3
counter-increment	http://www.w3.org/TR/2003/WD-css3-content-20030514#counter-increment	WD	CSS3 Generated and Replaced Content Module
counter-increment	http://www.w3.org/TR/2011/REC-CSS2-20110607/generate.html#propdef-counter-increment	REC	CSS 2.1
counter-increment	http://www.w3.org/TR/2014/WD-css-lists-3-20140320/#propdef-counter-increment	WD	CSS Lists and Counters Module Level 3
counter-reset	http://dev.w3.org/csswg/css3-lists/#propdef-counter-reset	ED	CSS Lists and Counters Module Level 3
counter-reset	http://www.w3.org/TR/2003/WD-css3-content-20030514#counter-reset	WD	CSS3 Generated and Replaced Content Module
counter-reset	http://www.w3.org/TR/2011/REC-CSS2-20110607/generate.html#propdef-counter-reset	REC	CSS 2.1
counter-reset	http://www.w3.org/TR/2014/WD-css-lists-3-20140320/#propdef-counter-reset	WD	CSS Lists and Counters Module Level 3
counter-set	http://dev.w3.org/csswg/css3-lists/#propdef-counter-set	ED	CSS Lists and Counters Module Level 3
counter-set	http://www.w3.org/TR/2014/WD-css-lists-3-20140320/#propdef-counter-set	WD	CSS Lists and Counters Module Level 3
crop	http://www.w3.org/TR/2003/WD-css3-content-20030514#crop	WD	CSS3 Generated and Replaced Content Module
cue	http://www.w3.org/TR/2011/REC-CSS2-20110607/aural.html#propdef-cue	REC	CSS 2.1
cue	http://www.w3.org/TR/2012/CR-css3-speech-20120320/#cue	CR	CSS Speech Module
cue-after	http://www.w3.org/TR/2011/REC-CSS2-20110607/aural.html#propdef-cue-after	REC	CSS 2.1
cue-after	http://www.w3.org/TR/2012/CR-css3-speech-20120320/#cue-after	CR	CSS Speech Module
cue-before	http://www.w3.org/TR/2011/REC-CSS2-20110607/aural.html#propdef-cue-before	REC	CSS 2.1
cue-before	http://www.w3.org/TR/2012/CR-css3-speech-20120320/#cue-before	CR	CSS Speech Module
cursor	http://dev.w3.org/csswg/css-ui/#propdef-cursor	ED	CSS Basic User Interface Module Level 3 (CSS3 UI)
cursor	http://www.w3.org/TR/2011/REC-CSS2-20110607/ui.html#propdef-cursor	REC	CSS 2.1
cursor	http://www.w3.org/TR/2015/CR-css-ui-3-20150707/#propdef-cursor	CR	CSS Basic User Interface Module Level 3 (CSS3 UI)
direction	http://dev.w3.org/csswg/css-writing-modes-3/#propdef-direction	ED	CSS Writing Modes Level 3
direction	http://www.w3.org/TR/2011/REC-CSS2-20110607/visuren.html#propdef-direction	REC	CSS 2.1
direction	http://www.w3.org/TR/2015/CR-css-writing-modes-3-20151215/#propdef-direction	CR	CSS Writing Modes Level 3
display	http://dev.w3.org/csswg/css-display/#propdef-display	ED	CSS Display Module Level 3
display	http://dev.w3.org/csswg/css-ruby-1/#propdef-display	ED	CSS Ruby Layout Module Level 1
display	http://www.w3.org/TR/2003/WD-css3-content-20030514#display	WD	CSS3 Generated and Replaced Content Module
display	http://www.w3.org/TR/2007/WD-css3-box-20070809#display	WD	CSS basic box model
display	http://www.w3.org/TR/2011/REC-CSS2-20110607/visuren.html#propdef-display	REC	CSS 2.1
display	http://www.w3.org/TR/2014/WD-css-ruby-1-20140805/#propdef-display	WD	CSS Ruby Layout Module Level 1
display	http://www.w3.org/TR/2015/WD-css-display-3-20151015/#propdef-display	WD	CSS Display Module Level 3
dominant-baseline	http://dev.w3.org/csswg/css-inline/#propdef-dominant-baseline	ED	CSS Inline Layout Module Level 3
dominant-baseline	http://www.w3.org/TR/2015/WD-css-inline-3-20150917/#propdef-dominant-baseline	WD	CSS Inline Layout Module Level 3
elevation	http://www.w3.org/TR/2011/REC-CSS2-20110607/aural.html#propdef-elevation	REC	CSS 2.1
empty-cells	http://www.w3.org/TR/2011/REC-CSS2-20110607/tables.html#propdef-empty-cells	REC	CSS 2.1
filter	http://dev.w3.org/fxtf/filters/#propdef-filter	ED	Filter Effects Module Level 1
filter	http://www.w3.org/TR/2014/WD-filter-effects-1-20141125/#propdef-filter	WD	Filter Effects Module Level 1
flex	http://www.w3.org/TR/2016/CR-css-flexbox-1-20160301/#propdef-flex	CR	CSS Flexible Box Layout Module Level 1
flex	https://drafts.csswg.org/css-flexbox/#propdef-flex	ED	CSS Flexible Box Layout Module Level 1
flex-basis	http://www.w3.org/TR/2016/CR-css-flexbox-1-20160301/#propdef-flex-basis	CR	CSS Flexible Box Layout Module Level 1
flex-basis	https://drafts.csswg.org/css-flexbox/#propdef-flex-basis	ED	CSS Flexible Box Layout Module Level 1
flex-direction	http://www.w3.org/TR/2016/CR-css-flexbox-1-20160301/#propdef-flex-direction	CR	CSS Flexible Box Layout Module Level 1
flex-direction	https://drafts.csswg.org/css-flexbox/#propdef-flex-direction	ED	CSS Flexible Box Layout Module Level 1
flex-flow	http://www.w3.org/TR/2016/CR-css-flexbox-1-20160301/#propdef-flex-flow	CR	CSS Flexible Box Layout Module Level 1
flex-flow	https://drafts.csswg.org/css-flexbox/#propdef-flex-flow	ED	CSS Flexible Box Layout Module Level 1
flex-grow	http://www.w3.org/TR/2016/CR-css-flexbox-1-20160301/#propdef-flex-grow	CR	CSS Flexible Box Layout Module Level 1
flex-grow	https://drafts.csswg.org/css-flexbox/#propdef-flex-grow	ED	CSS Flexible Box Layout Module Level 1
flex-shrink	http://www.w3.org/TR/2016/CR-css-flexbox-1-20160301/#propdef-flex-shrink	CR	CSS Flexible Box Layout Module Level 1
flex-shrink	https://drafts.csswg.org/css-flexbox/#propdef-flex-shrink	ED	CSS Flexible Box Layout Module Level 1
flex-wrap	http://www.w3.org/TR/2016/CR-css-flexbox-1-20160301/#propdef-flex-wrap	CR	CSS Flexible Box Layout Module Level 1
flex-wrap	https://drafts.csswg.org/css-flexbox/#propdef-flex-wrap	ED	CSS Flexible Box Layout Module Level 1
float	http://dev.w3.org/csswg/css-page-floats/#propdef-float	ED	CSS Page Floats
float	http://www.w3.org/TR/2007/WD-css3-box-20070809#float	WD	CSS basic box model
float	http://www.w3.org/TR/2011/REC-CSS2-20110607/visuren.html#propdef-float	REC	CSS 2.1
float	http://www.w3.org/TR/2015/WD-css-page-floats-3-20150915/#propdef-float	FPWD	CSS Page Floats
float-defer	http://dev.w3.org/csswg/css-page-floats/#propdef-float-defer	ED	CSS Page Floats
float-defer	http://www.w3.org/TR/2015/WD-css-page-floats-3-20150915/#propdef-float-defer	FPWD	CSS Page Floats
float-offset	http://dev.w3.org/csswg/css-page-floats/#propdef-float-offset	ED	CSS Page Floats
float-offset	http://www.w3.org/TR/2015/WD-css-page-floats-3-20150915/#propdef-float-offset	FPWD	CSS Page Floats
float-reference	http://dev.w3.org/csswg/css-page-floats/#propdef-float-reference	ED	CSS Page Floats
float-reference	http://www.w3.org/TR/2015/WD-css-page-floats-3-20150915/#propdef-float-reference	FPWD	CSS Page Floats
flood-color	http://dev.w3.org/fxtf/filters/#propdef-flood-color	ED	Filter Effects Module Level 1
flood-color	http://www.w3.org/TR/2014/WD-filter-effects-1-20141125/#propdef-flood-color	WD	Filter Effects Module Level 1
flood-opacity	http://dev.w3.org/fxtf/filters/#propdef-flood-opacity	ED	Filter Effects Module Level 1
flood-opacity	http://www.w3.org/TR/2014/WD-filter-effects-1-20141125/#propdef-flood-opacity	WD	Filter Effects Module Level 1
flow	http://dev.w3.org/csswg/css-template/#flow0	ED	CSS Template Layout Module
flow	http://www.w3.org/TR/2015/NOTE-css-template-3-20150326/#flow0	NOTE	CSS Template Layout Module
flow-from	http://dev.w3.org/csswg/css-regions/#propdef-flow-from	ED	CSS Regions Module Level 1
flow-from	http://www.w3.org/TR/2014/WD-css-regions-1-20141009/#propdef-flow-from	WD	CSS Regions Module Level 1
flow-into	http://dev.w3.org/csswg/css-regions/#propdef-flow-into	ED	CSS Regions Module Level 1
flow-into	http://www.w3.org/TR/2014/WD-css-regions-1-20141009/#propdef-flow-into	WD	CSS Regions Module Level 1
font	http://dev.w3.org/csswg/css-fonts/#propdef-font	ED	CSS Fonts Module Level 3
font	http://www.w3.org/TR/2011/REC-CSS2-20110607/fonts.html#propdef-font	REC	CSS 2.1
font	http://www.w3.org/TR/2013/CR-css-fonts-3-20131003/#propdef-font	CR	CSS Fonts Module Level 3
font-family	http://dev.w3.org/csswg/css-fonts/#propdef-font-family	ED	CSS Fonts Module Level 3
font-family	http://www.w3.org/TR/2011/REC-CSS2-20110607/fonts.html#propdef-font-family	REC	CSS 2.1
font-family	http://www.w3.org/TR/2013/CR-css-fonts-3-20131003/#propdef-font-family	CR	CSS Fonts Module Level 3
font-feature-settings	http://dev.w3.org/csswg/css-fonts/#propdef-font-feature-settings	ED	CSS Fonts Module Level 3
font-feature-settings	http://www.w3.org/TR/2013/CR-css-fonts-3-20131003/#propdef-font-feature-settings	CR	CSS Fonts Module Level 3
font-kerning	http://dev.w3.org/csswg/css-fonts/#propdef-font-kerning	ED	CSS Fonts Module Level 3
font-kerning	http://www.w3.org/TR/2013/CR-css-fonts-3-20131003/#propdef-font-kerning	CR	CSS Fonts Module Level 3
font-language-override	http://dev.w3.org/csswg/css-fonts/#propdef-font-language-override	ED	CSS Fonts Module Level 3
font-language-override	http://www.w3.org/TR/2013/CR-css-fonts-3-20131003/#propdef-font-language-override	CR	CSS Fonts Module Level 3
font-size	http://dev.w3.org/csswg/css-fonts/#propdef-font-size	ED	CSS Fonts Module Level 3
font-size	http://www.w3.org/TR/2011/REC-CSS2-20110607/fonts.html#propdef-font-size	REC	CSS 2.1
font-size	http://www.w3.org/TR/2013/CR-css-fonts-3-20131003/#propdef-font-size	CR	CSS Fonts Module Level 3
font-size-adjust	http://dev.w3.org/csswg/css-fonts/#propdef-font-size-adjust	ED	CSS Fonts Module Level 3
font-size-adjust	http://www.w3.org/TR/2013/CR-css-fonts-3-20131003/#propdef-font-size-adjust	CR	CSS Fonts Module Level 3
font-stretch	http://dev.w3.org/csswg/css-fonts/#propdef-font-stretch	ED	CSS Fonts Module Level 3
font-stretch	http://www.w3.org/TR/2013/CR-css-fonts-3-20131003/#propdef-font-stretch	CR	CSS Fonts Module Level 3
font-style	http://dev.w3.org/csswg/css-fonts/#propdef-font-style	ED	CSS Fonts Module Level 3
font-style	http://www.w3.org/TR/2011/REC-CSS2-20110607/fonts.html#propdef-font-style	REC	CSS 2.1
font-style	http://www.w3.org/TR/2013/CR-css-fonts-3-20131003/#propdef-font-style	CR	CSS Fonts Module Level 3
font-synthesis	http://dev.w3.org/csswg/css-fonts/#propdef-font-synthesis	ED	CSS Fonts Module Level 3
font-synthesis	http://www.w3.org/TR/2013/CR-css-fonts-3-20131003/#propdef-font-synthesis	CR	CSS Fonts Module Level 3
font-variant	http://dev.w3.org/csswg/css-fonts/#propdef-font-variant	ED	CSS Fonts Module Level 3
font-variant	http://www.w3.org/TR/2011/REC-CSS2-20110607/fonts.html#propdef-font-variant	REC	CSS 2.1
font-variant	http://www.w3.org/TR/2013/CR-css-fonts-3-20131003/#propdef-font-variant	CR	CSS Fonts Module Level 3
font-variant-alternates	http://dev.w3.org/csswg/css-fonts/#propdef-font-variant-alternates	ED	CSS Fonts Module Level 3
font-variant-alternates	http://www.w3.org/TR/2013/CR-css-fonts-3-20131003/#propdef-font-variant-alternates	CR	CSS Fonts Module Level 3
font-variant-caps	http://dev.w3.org/csswg/css-fonts/#propdef-font-variant-caps	ED	CSS Fonts Module Level 3
font-variant-caps	http://www.w3.org/TR/2013/CR-css-fonts-3-20131003/#propdef-font-variant-caps	CR	CSS Fonts Module Level 3
font-variant-east-asian	http://dev.w3.org/csswg/css-fonts/#propdef-font-variant-east-asian	ED	CSS Fonts Module Level 3
font-variant-east-asian	http://www.w3.org/TR/2013/CR-css-fonts-3-20131003/#propdef-font-variant-east-asian	CR	CSS Fonts Module Level 3
font-variant-ligatures	http://dev.w3.org/csswg/css-fonts/#propdef-font-variant-ligatures	ED	CSS Fonts Module Level 3
font-variant-ligatures	http://www.w3.org/TR/2013/CR-css-fonts-3-20131003/#propdef-font-variant-ligatures	CR	CSS Fonts Module Level 3
font-variant-numeric	http://dev.w3.org/csswg/css-fonts/#propdef-font-variant-numeric	ED	CSS Fonts Module Level 3
font-variant-numeric	http://www.w3.org/TR/2013/CR-css-fonts-3-20131003/#propdef-font-variant-numeric	CR	CSS Fonts Module Level 3
font-variant-position	http://dev.w3.org/csswg/css-fonts/#propdef-font-variant-position	ED	CSS Fonts Module Level 3
font-variant-position	http://www.w3.org/TR/2013/CR-css-fonts-3-20131003/#propdef-font-variant-position	CR	CSS Fonts Module Level 3
font-weight	http://dev.w3.org/csswg/css-fonts/#propdef-font-weight	ED	CSS Fonts Module Level 3
font-weight	http://www.w3.org/TR/2011/REC-CSS2-20110607/fonts.html#propdef-font-weight	REC	CSS 2.1
font-weight	http://www.w3.org/TR/2013/CR-css-fonts-3-20131003/#propdef-font-weight	CR	CSS Fonts Module Level 3
footnote-display	http://dev.w3.org/csswg/css-gcpm/#propdef-footnote-display	ED	CSS Generated Content for Paged Media Module
footnote-display	http://www.w3.org/TR/2014/WD-css-gcpm-3-20140513/#propdef-footnote-display	WD	CSS Generated Content for Paged Media Module
footnote-policy	http://dev.w3.org/csswg/css-gcpm/#propdef-footnote-policy	ED	CSS Generated Content for Paged Media Module
footnote-policy	http://www.w3.org/TR/2014/WD-css-gcpm-3-20140513/#propdef-footnote-policy	WD	CSS Generated Content for Paged Media Module
glyph-orientation-vertical	http://dev.w3.org/csswg/css-writing-modes-3/#propdef-glyph-orientation-vertical	ED	CSS Writing Modes Level 3
glyph-orientation-vertical	http://www.w3.org/TR/2015/CR-css-writing-modes-3-20151215/#propdef-glyph-orientation-vertical	CR	CSS Writing Modes Level 3
grid	http://dev.w3.org/csswg/css-grid/#propdef-grid	ED	CSS Grid Layout Module Level 1
grid	http://dev.w3.org/csswg/css-template/#grid	ED	CSS Template Layout Module
grid	http://www.w3.org/TR/2015/NOTE-css-template-3-20150326/#grid	NOTE	CSS Template Layout Module
grid	http://www.w3.org/TR/2015/WD-css-grid-1-20150917/#propdef-grid	WD	CSS Grid Layout Module Level 1
grid-area	http://dev.w3.org/csswg/css-grid/#propdef-grid-area	ED	CSS Grid Layout Module Level 1
grid-area	http://www.w3.org/TR/2015/WD-css-grid-1-20150917/#propdef-grid-area	WD	CSS Grid Layout Module Level 1
grid-auto-columns	http://dev.w3.org/csswg/css-grid/#propdef-grid-auto-columns	ED	CSS Grid Layout Module Level 1
grid-auto-columns	http://www.w3.org/TR/2015/WD-css-grid-1-20150917/#propdef-grid-auto-columns	WD	CSS Grid Layout Module Level 1
grid-auto-flow	http://dev.w3.org/csswg/css-grid/#propdef-grid-auto-flow	ED	CSS Grid Layout Module Level 1
grid-auto-flow	http://www.w3.org/TR/2015/WD-css-grid-1-20150917/#propdef-grid-auto-flow	WD	CSS Grid Layout Module Level 1
grid-auto-rows	http://dev.w3.org/csswg/css-grid/#propdef-grid-auto-rows	ED	CSS Grid Layout Module Level 1
grid-auto-rows	http://www.w3.org/TR/2015/WD-css-grid-1-20150917/#propdef-grid-auto-rows	WD	CSS Grid Layout Module Level 1
grid-column	http://dev.w3.org/csswg/css-grid/#propdef-grid-column	ED	CSS Grid Layout Module Level 1
grid-column	http://www.w3.org/TR/2015/WD-css-grid-1-20150917/#propdef-grid-column	WD	CSS Grid Layout Module Level 1
grid-column-end	http://dev.w3.org/csswg/css-grid/#propdef-grid-column-end	ED	CSS Grid Layout Module Level 1
grid-column-end	http://www.w3.org/TR/2015/WD-css-grid-1-20150917/#propdef-grid-column-end	WD	CSS Grid Layout Module Level 1
grid-column-gap	http://dev.w3.org/csswg/css-grid/#propdef-grid-column-gap	ED	CSS Grid Layout Module Level 1
grid-column-gap	http://www.w3.org/TR/2015/WD-css-grid-1-20150917/#propdef-grid-column-gap	WD	CSS Grid Layout Module Level 1
grid-column-start	http://dev.w3.org/csswg/css-grid/#propdef-grid-column-start	ED	CSS Grid Layout Module Level 1
grid-column-start	http://www.w3.org/TR/2015/WD-css-grid-1-20150917/#propdef-grid-column-start	WD	CSS Grid Layout Module Level 1
grid-gap	http://dev.w3.org/csswg/css-grid/#propdef-grid-gap	ED	CSS Grid Layout Module Level 1
grid-gap	http://www.w3.org/TR/2015/WD-css-grid-1-20150917/#propdef-grid-gap	WD	CSS Grid Layout Module Level 1
grid-row	http://dev.w3.org/csswg/css-grid/#propdef-grid-row	ED	CSS Grid Layout Module Level 1
grid-row	http://www.w3.org/TR/2015/WD-css-grid-1-20150917/#propdef-grid-row	WD	CSS Grid Layout Module Level 1
grid-row-end	http://dev.w3.org/csswg/css-grid/#propdef-grid-row-end	ED	CSS Grid Layout Module Level 1
grid-row-end	http://www.w3.org/TR/2015/WD-css-grid-1-20150917/#propdef-grid-row-end	WD	CSS Grid Layout Module Level 1
grid-row-gap	http://dev.w3.org/csswg/css-grid/#propdef-grid-row-gap	ED	CSS Grid Layout Module Level 1
grid-row-gap	http://www.w3.org/TR/2015/WD-css-grid-1-20150917/#propdef-grid-row-gap	WD	CSS Grid Layout Module Level 1
grid-row-start	http://dev.w3.org/csswg/css-grid/#propdef-grid-row-start	ED	CSS Grid Layout Module Level 1
grid-row-start	http://www.w3.org/TR/2015/WD-css-grid-1-20150917/#propdef-grid-row-start	WD	CSS Grid Layout Module Level 1
grid-template	http://dev.w3.org/csswg/css-template/#grid-template0	ED	CSS Template Layout Module
grid-template	http://www.w3.org/TR/2015/NOTE-css-template-3-20150326/#grid-template0	NOTE	CSS Template Layout Module
grid-template	http://www.w3.org/TR/2015/WD-css-grid-1-20150917/#propdef-grid-template	WD	CSS Grid Layout Module Level 1
grid-template-areas	http://dev.w3.org/csswg/css-grid/#propdef-grid-template-areas	ED	CSS Grid Layout Module Level 1
grid-template-areas	http://dev.w3.org/csswg/css-template/#grid-template-areas	ED	CSS Template Layout Module
grid-template-areas	http://www.w3.org/TR/2015/NOTE-css-template-3-20150326/#grid-template-areas	NOTE	CSS Template Layout Module
grid-template-areas	http://www.w3.org/TR/2015/WD-css-grid-1-20150917/#propdef-grid-template-areas	WD	CSS Grid Layout Module Level 1
grid-template-columns	http://dev.w3.org/csswg/css-grid/#propdef-grid-template-columns	ED	CSS Grid Layout Module Level 1
grid-template-columns	http://dev.w3.org/csswg/css-template/#grid-template-columns	ED	CSS Template Layout Module
grid-template-columns	http://www.w3.org/TR/2015/NOTE-css-template-3-20150326/#grid-template-columns	NOTE	CSS Template Layout Module
grid-template-columns	http://www.w3.org/TR/2015/WD-css-grid-1-20150917/#propdef-grid-template-columns	WD	CSS Grid Layout Module Level 1
grid-template-rows	http://dev.w3.org/csswg/css-grid/#propdef-grid-template-rows	ED	CSS Grid Layout Module Level 1
grid-template-rows	http://dev.w3.org/csswg/css-template/#grid-template-rows	ED	CSS Template Layout Module
grid-template-rows	http://www.w3.org/TR/2015/NOTE-css-template-3-20150326/#grid-template-rows	NOTE	CSS Template Layout Module
grid-template-rows	http://www.w3.org/TR/2015/WD-css-grid-1-20150917/#propdef-grid-template-rows	WD	CSS Grid Layout Module Level 1
hanging-punctuation	http://dev.w3.org/csswg/css-text-3/#propdef-hanging-punctuation	ED	CSS Text Module Level 3
hanging-punctuation	http://www.w3.org/TR/2013/WD-css-text-3-20131010/#hanging-punctuation	LC	CSS Text Module Level 3
height	http://www.w3.org/TR/2007/WD-css3-box-20070809#height	WD	CSS basic box model
height	http://www.w3.org/TR/2011/REC-CSS2-20110607/visudet.html#propdef-height	REC	CSS 2.1
hyphenate-character	http://dev.w3.org/csswg/css-text-4/#propdef-hyphenate-character	ED	CSS Text Module Level 4
hyphenate-character	http://www.w3.org/TR/2015/WD-css-text-4-20150922/#propdef-hyphenate-character	FPWD	CSS Text Module Level 4
hyphenate-limit-chars	http://dev.w3.org/csswg/css-text-4/#propdef-hyphenate-limit-chars	ED	CSS Text Module Level 4
hyphenate-limit-chars	http://www.w3.org/TR/2015/WD-css-text-4-20150922/#propdef-hyphenate-limit-chars	FPWD	CSS Text Module Level 4
hyphenate-limit-last	http://dev.w3.org/csswg/css-text-4/#propdef-hyphenate-limit-last	ED	CSS Text Module Level 4
hyphenate-limit-last	http://www.w3.org/TR/2015/WD-css-text-4-20150922/#propdef-hyphenate-limit-last	FPWD	CSS Text Module Level 4
hyphenate-limit-lines	http://dev.w3.org/csswg/css-text-4/#propdef-hyphenate-limit-lines	ED	CSS Text Module Level 4
hyphenate-limit-lines	http://www.w3.org/TR/2015/WD-css-text-4-20150922/#propdef-hyphenate-limit-lines	FPWD	CSS Text Module Level 4
hyphenate-limit-zone	http://dev.w3.org/csswg/css-text-4/#propdef-hyphenate-limit-zone	ED	CSS Text Module Level 4
hyphenate-limit-zone	http://www.w3.org/TR/2015/WD-css-text-4-20150922/#propdef-hyphenate-limit-zone	FPWD	CSS Text Module Level 4
hyphens	http://dev.w3.org/csswg/css-text-3/#propdef-hyphens	ED	CSS Text Module Level 3
hyphens	http://www.w3.org/TR/2013/WD-css-text-3-20131010/#hyphens	LC	CSS Text Module Level 3
image-orientation	http://www.w3.org/TR/2012/CR-css3-images-20120417/#image-orientation	CR	CSS Image Values and Replaced Content Module Level 3
image-orientation	http://www.w3.org/TR/2012/WD-css4-images-20120911/#image-orientation	WD	CSS Image Values and Replaced Content Module Level 4
image-rendering	http://www.w3.org/TR/2012/WD-css4-images-20120911/#image-rendering	WD	CSS Image Values and Replaced Content Module Level 4
image-resolution	http://www.w3.org/TR/2012/CR-css3-images-20120417/#image-resolution	CR	CSS Image Values and Replaced Content Module Level 3
image-resolution	http://www.w3.org/TR/2012/WD-css4-images-20120911/#image-resolution	WD	CSS Image Values and Replaced Content Module Level 4
initial-letter	http://dev.w3.org/csswg/css-inline/#propdef-initial-letter	ED	CSS Inline Layout Module Level 3
initial-letter	http://www.w3.org/TR/2015/WD-css-inline-3-20150917/#propdef-initial-letter	WD	CSS Inline Layout Module Level 3
initial-letter-align	http://dev.w3.org/csswg/css-inline/#propdef-initial-letter-align	ED	CSS Inline Layout Module Level 3
initial-letter-align	http://www.w3.org/TR/2015/WD-css-inline-3-20150917/#propdef-initial-letter-align	WD	CSS Inline Layout Module Level 3
initial-letter-wrap	http://dev.w3.org/csswg/css-inline/#propdef-initial-letter-wrap	ED	CSS Inline Layout Module Level 3
initial-letter-wrap	http://www.w3.org/TR/2015/WD-css-inline-3-20150917/#propdef-initial-letter-wrap	WD	CSS Inline Layout Module Level 3
isolation	http://dev.w3.org/fxtf/compositing-1/#propdef-isolation	ED	Compositing and Blending Level 1
isolation	http://www.w3.org/TR/2015/CR-compositing-1-20150113/#propdef-isolation	CR	Compositing and Blending Level 1
justify-content	http://dev.w3.org/csswg/css-align/#propdef-justify-content	ED	CSS Box Alignment Module Level 3
justify-content	http://www.w3.org/TR/2014/WD-css-align-3-20141218/#propdef-justify-content	WD	CSS Box Alignment Module Level 3
justify-content	http://www.w3.org/TR/2016/CR-css-flexbox-1-20160301/#propdef-justify-content	CR	CSS Flexible Box Layout Module Level 1
justify-content	https://drafts.csswg.org/css-flexbox/#propdef-justify-content	ED	CSS Flexible Box Layout Module Level 1
justify-items	http://dev.w3.org/csswg/css-align/#propdef-justify-items	ED	CSS Box Alignment Module Level 3
justify-items	http://www.w3.org/TR/2014/WD-css-align-3-20141218/#propdef-justify-items	WD	CSS Box Alignment Module Level 3
justify-self	http://dev.w3.org/csswg/css-align/#propdef-justify-self	ED	CSS Box Alignment Module Level 3
justify-self	http://www.w3.org/TR/2014/WD-css-align-3-20141218/#propdef-justify-self	WD	CSS Box Alignment Module Level 3
left	http://dev.w3.org/csswg/css-position/#propdef-left	ED	CSS Positioned Layout Module Level 3
left	http://www.w3.org/TR/2011/REC-CSS2-20110607/visuren.html#propdef-left	REC	CSS 2.1
left	http://www.w3.org/TR/2015/WD-css3-positioning-20150203/#propdef-left	WD	CSS Positioned Layout Module Level 3
letter-spacing	http://dev.w3.org/csswg/css-text-3/#propdef-letter-spacing	ED	CSS Text Module Level 3
letter-spacing	http://www.w3.org/TR/2011/REC-CSS2-20110607/text.html#propdef-letter-spacing	REC	CSS 2.1
letter-spacing	http://www.w3.org/TR/2013/WD-css-text-3-20131010/#letter-spacing	LC	CSS Text Module Level 3
lighting-color	http://dev.w3.org/fxtf/filters/#propdef-lighting-color	ED	Filter Effects Module Level 1
lighting-color	http://www.w3.org/TR/2014/WD-filter-effects-1-20141125/#propdef-lighting-color	WD	Filter Effects Module Level 1
line-break	http://dev.w3.org/csswg/css-text-3/#propdef-line-break	ED	CSS Text Module Level 3
line-break	http://www.w3.org/TR/2013/WD-css-text-3-20131010/#line-break0	LC	CSS Text Module Level 3
line-grid	http://dev.w3.org/csswg/css-line-grid/#propdef-line-grid	ED	CSS Line Grid Module Level 1
line-grid	http://www.w3.org/TR/2014/WD-css-line-grid-1-20140916/#propdef-line-grid	WD	CSS Line Grid Module Level 1
line-height	http://www.w3.org/TR/2011/REC-CSS2-20110607/visudet.html#propdef-line-height	REC	CSS 2.1
line-snap	http://dev.w3.org/csswg/css-line-grid/#propdef-line-snap	ED	CSS Line Grid Module Level 1
line-snap	http://www.w3.org/TR/2014/WD-css-line-grid-1-20140916/#propdef-line-snap	WD	CSS Line Grid Module Level 1
list-style	http://dev.w3.org/csswg/css3-lists/#propdef-list-style	ED	CSS Lists and Counters Module Level 3
list-style	http://www.w3.org/TR/2011/REC-CSS2-20110607/generate.html#propdef-list-style	REC	CSS 2.1
list-style	http://www.w3.org/TR/2014/WD-css-lists-3-20140320/#propdef-list-style	WD	CSS Lists and Counters Module Level 3
list-style-image	http://dev.w3.org/csswg/css3-lists/#propdef-list-style-image	ED	CSS Lists and Counters Module Level 3
list-style-image	http://www.w3.org/TR/2011/REC-CSS2-20110607/generate.html#propdef-list-style-image	REC	CSS 2.1
list-style-image	http://www.w3.org/TR/2014/WD-css-lists-3-20140320/#propdef-list-style-image	WD	CSS Lists and Counters Module Level 3
list-style-position	http://dev.w3.org/csswg/css3-lists/#propdef-list-style-position	ED	CSS Lists and Counters Module Level 3
list-style-position	http://www.w3.org/TR/2011/REC-CSS2-20110607/generate.html#propdef-list-style-position	REC	CSS 2.1
list-style-position	http://www.w3.org/TR/2014/WD-css-lists-3-20140320/#propdef-list-style-position	WD	CSS Lists and Counters Module Level 3
list-style-type	http://dev.w3.org/csswg/css3-lists/#propdef-list-style-type	ED	CSS Lists and Counters Module Level 3
list-style-type	http://www.w3.org/TR/2011/REC-CSS2-20110607/generate.html#propdef-list-style-type	REC	CSS 2.1
list-style-type	http://www.w3.org/TR/2014/WD-css-lists-3-20140320/#propdef-list-style-type	WD	CSS Lists and Counters Module Level 3
margin	http://www.w3.org/TR/2007/WD-css3-box-20070809#margin1	WD	CSS basic box model
margin	http://www.w3.org/TR/2011/REC-CSS2-20110607/box.html#propdef-margin	REC	CSS 2.1
margin-bottom	http://www.w3.org/TR/2007/WD-css3-box-20070809#margin-bottom	WD	CSS basic box model
margin-bottom	http://www.w3.org/TR/2011/REC-CSS2-20110607/box.html#propdef-margin-bottom	REC	CSS 2.1
margin-left	http://www.w3.org/TR/2007/WD-css3-box-20070809#margin-left	WD	CSS basic box model
margin-left	http://www.w3.org/TR/2011/REC-CSS2-20110607/box.html#propdef-margin-left	REC	CSS 2.1
margin-right	http://www.w3.org/TR/2007/WD-css3-box-20070809#margin-right	WD	CSS basic box model
margin-right	http://www.w3.org/TR/2011/REC-CSS2-20110607/box.html#propdef-margin-right	REC	CSS 2.1
margin-top	http://www.w3.org/TR/2007/WD-css3-box-20070809#margin-top	WD	CSS basic box model
margin-top	http://www.w3.org/TR/2011/REC-CSS2-20110607/box.html#propdef-margin-top	REC	CSS 2.1
marker	http://www.w3.org/TR/2015/WD-svg-markers-20150409/#MarkerProperty	FPWD	SVG Markers
marker	https://svgwg.org/specs/markers/#MarkerProperty	ED	SVG Markers
marker-end	http://www.w3.org/TR/2015/WD-svg-markers-20150409/#MarkerEndProperty	FPWD	SVG Markers
marker-end	https://svgwg.org/specs/markers/#MarkerEndProperty	ED	SVG Markers
marker-knockout-left	http://www.w3.org/TR/2015/WD-svg-markers-20150409/#MarkerKnockoutLeftProperty	FPWD	SVG Markers
marker-knockout-left	https://svgwg.org/specs/markers/#MarkerKnockoutLeftProperty	ED	SVG Markers
marker-knockout-right	http://www.w3.org/TR/2015/WD-svg-markers-20150409/#MarkerKnockoutRightProperty	FPWD	SVG Markers
marker-knockout-right	https://svgwg.org/specs/markers/#MarkerKnockoutRightProperty	ED	SVG Markers
marker-mid	http://www.w3.org/TR/2015/WD-svg-markers-20150409/#MarkerMidProperty	FPWD	SVG Markers
marker-mid	https://svgwg.org/specs/markers/#MarkerMidProperty	ED	SVG Markers
marker-pattern	http://www.w3.org/TR/2015/WD-svg-markers-20150409/#MarkerPatternProperty	FPWD	SVG Markers
marker-pattern	https://svgwg.org/specs/markers/#MarkerPatternProperty	ED	SVG Markers
marker-segment	http://www.w3.org/TR/2015/WD-svg-markers-20150409/#MarkerSegmentProperty	FPWD	SVG Markers
marker-segment	https://svgwg.org/specs/markers/#MarkerSegmentProperty	ED	SVG Markers
marker-side	http://dev.w3.org/csswg/css3-lists/#propdef-marker-side	ED	CSS Lists and Counters Module Level 3
marker-side	http://www.w3.org/TR/2014/WD-css-lists-3-20140320/#propdef-marker-side	WD	CSS Lists and Counters Module Level 3
marker-start	http://www.w3.org/TR/2015/WD-svg-markers-20150409/#MarkerStartProperty	FPWD	SVG Markers
marker-start	https://svgwg.org/specs/markers/#MarkerStartProperty	ED	SVG Markers
marquee-direction	http://www.w3.org/TR/2007/WD-css3-box-20070809#marquee-direction	WD	CSS basic box model
marquee-loop	http://www.w3.org/TR/2007/WD-css3-box-20070809#marquee-loop	WD	CSS basic box model
marquee-speed	http://www.w3.org/TR/2007/WD-css3-box-20070809#marquee-speed	WD	CSS basic box model
marquee-style	http://www.w3.org/TR/2007/WD-css3-box-20070809#marquee-style	WD	CSS basic box model
mask	http://dev.w3.org/fxtf/css-masking-1/#propdef-mask	ED	CSS Masking Module Level 1
mask	http://www.w3.org/TR/2014/CR-css-masking-1-20140826/#propdef-mask	CR	CSS Masking Module Level 1
mask-border	http://dev.w3.org/fxtf/css-masking-1/#propdef-mask-border	ED	CSS Masking Module Level 1
mask-border	http://www.w3.org/TR/2014/CR-css-masking-1-20140826/#propdef-mask-border	CR	CSS Masking Module Level 1
mask-border-mode	http://dev.w3.org/fxtf/css-masking-1/#propdef-mask-border-mode	ED	CSS Masking Module Level 1
mask-border-mode	http://www.w3.org/TR/2014/CR-css-masking-1-20140826/#propdef-mask-border-mode	CR	CSS Masking Module Level 1
mask-border-outset	http://dev.w3.org/fxtf/css-masking-1/#propdef-mask-border-outset	ED	CSS Masking Module Level 1
mask-border-outset	http://www.w3.org/TR/2014/CR-css-masking-1-20140826/#propdef-mask-border-outset	CR	CSS Masking Module Level 1
mask-border-repeat	http://dev.w3.org/fxtf/css-masking-1/#propdef-mask-border-repeat	ED	CSS Masking Module Level 1
mask-border-repeat	http://www.w3.org/TR/2014/CR-css-masking-1-20140826/#propdef-mask-border-repeat	CR	CSS Masking Module Level 1
mask-border-slice	http://dev.w3.org/fxtf/css-masking-1/#propdef-mask-border-slice	ED	CSS Masking Module Level 1
mask-border-slice	http://www.w3.org/TR/2014/CR-css-masking-1-20140826/#propdef-mask-border-slice	CR	CSS Masking Module Level 1
mask-border-source	http://dev.w3.org/fxtf/css-masking-1/#propdef-mask-border-source	ED	CSS Masking Module Level 1
mask-border-source	http://www.w3.org/TR/2014/CR-css-masking-1-20140826/#propdef-mask-border-source	CR	CSS Masking Module Level 1
mask-border-width	http://dev.w3.org/fxtf/css-masking-1/#propdef-mask-border-width	ED	CSS Masking Module Level 1
mask-border-width	http://www.w3.org/TR/2014/CR-css-masking-1-20140826/#propdef-mask-border-width	CR	CSS Masking Module Level 1
mask-clip	http://dev.w3.org/fxtf/css-masking-1/#propdef-mask-clip	ED	CSS Masking Module Level 1
mask-clip	http://www.w3.org/TR/2014/CR-css-masking-1-20140826/#propdef-mask-clip	CR	CSS Masking Module Level 1
mask-composite	http://dev.w3.org/fxtf/css-masking-1/#propdef-mask-composite	ED	CSS Masking Module Level 1
mask-composite	http://www.w3.org/TR/2014/CR-css-masking-1-20140826/#propdef-mask-composite	CR	CSS Masking Module Level 1
mask-image	http://dev.w3.org/fxtf/css-masking-1/#propdef-mask-image	ED	CSS Masking Module Level 1
mask-image	http://www.w3.org/TR/2014/CR-css-masking-1-20140826/#propdef-mask-image	CR	CSS Masking Module Level 1
mask-mode	http://dev.w3.org/fxtf/css-masking-1/#propdef-mask-mode	ED	CSS Masking Module Level 1
mask-mode	http://www.w3.org/TR/2014/CR-css-masking-1-20140826/#propdef-mask-mode	CR	CSS Masking Module Level 1
mask-origin	http://dev.w3.org/fxtf/css-masking-1/#propdef-mask-origin	ED	CSS Masking Module Level 1
mask-origin	http://www.w3.org/TR/2014/CR-css-masking-1-20140826/#propdef-mask-origin	CR	CSS Masking Module Level 1
mask-position	http://dev.w3.org/fxtf/css-masking-1/#propdef-mask-position	ED	CSS Masking Module Level 1
mask-position	http://www.w3.org/TR/2014/CR-css-masking-1-20140826/#propdef-mask-position	CR	CSS Masking Module Level 1
mask-repeat	http://dev.w3.org/fxtf/css-masking-1/#propdef-mask-repeat	ED	CSS Masking Module Level 1
mask-repeat	http://www.w3.org/TR/2014/CR-css-masking-1-20140826/#propdef-mask-repeat	CR	CSS Masking Module Level 1
mask-size	http://dev.w3.org/fxtf/css-masking-1/#propdef-mask-size	ED	CSS Masking Module Level 1
mask-size	http://www.w3.org/TR/2014/CR-css-masking-1-20140826/#propdef-mask-size	CR	CSS Masking Module Level 1
mask-type	http://dev.w3.org/fxtf/css-masking-1/#propdef-mask-type	ED	CSS Masking Module Level 1
mask-type	http://www.w3.org/TR/2014/CR-css-masking-1-20140826/#propdef-mask-type	CR	CSS Masking Module Level 1
max-height	http://www.w3.org/TR/2007/WD-css3-box-20070809#max-height	WD	CSS basic box model
max-height	http://www.w3.org/TR/2011/REC-CSS2-20110607/visudet.html#propdef-max-height	REC	CSS 2.1
max-lines	http://www.w3.org/TR/2013/WD-css-overflow-3-20130418/#max-lines0	WD	CSS Overflow Module Level 3
max-width	http://www.w3.org/TR/2007/WD-css3-box-20070809#max-width	WD	CSS basic box model
max-width	http://www.w3.org/TR/2011/REC-CSS2-20110607/visudet.html#propdef-max-width	REC	CSS 2.1
min-height	http://www.w3.org/TR/2007/WD-css3-box-20070809#min-height	WD	CSS basic box model
min-height	http://www.w3.org/TR/2011/REC-CSS2-20110607/visudet.html#propdef-min-height	REC	CSS 2.1
min-width	http://www.w3.org/TR/2007/WD-css3-box-20070809#min-width	WD	CSS basic box model
min-width	http://www.w3.org/TR/2011/REC-CSS2-20110607/visudet.html#propdef-min-width	REC	CSS 2.1
mix-blend-mode	http://dev.w3.org/fxtf/compositing-1/#propdef-mix-blend-mode	ED	Compositing and Blending Level 1
mix-blend-mode	http://www.w3.org/TR/2015/CR-compositing-1-20150113/#propdef-mix-blend-mode	CR	Compositing and Blending Level 1
motion	http://dev.w3.org/fxtf/motion-1/#propdef-motion	ED	Motion Path Module Level 1
motion	http://www.w3.org/TR/2015/WD-motion-1-20150409/#propdef-motion	FPWD	Motion Path Module Level 1
motion-offset	http://dev.w3.org/fxtf/motion-1/#propdef-motion-offset	ED	Motion Path Module Level 1
motion-offset	http://www.w3.org/TR/2015/WD-motion-1-20150409/#propdef-motion-offset	FPWD	Motion Path Module Level 1
motion-path	http://dev.w3.org/fxtf/motion-1/#propdef-motion-path	ED	Motion Path Module Level 1
motion-path	http://www.w3.org/TR/2015/WD-motion-1-20150409/#propdef-motion-path	FPWD	Motion Path Module Level 1
motion-rotation	http://dev.w3.org/fxtf/motion-1/#propdef-motion-rotation	ED	Motion Path Module Level 1
motion-rotation	http://www.w3.org/TR/2015/WD-motion-1-20150409/#propdef-motion-rotation	FPWD	Motion Path Module Level 1
move-to	http://www.w3.org/TR/2003/WD-css3-content-20030514#move-to	WD	CSS3 Generated and Replaced Content Module
nav-down	http://dev.w3.org/csswg/css-ui/#propdef-nav-down	ED	CSS Basic User Interface Module Level 3 (CSS3 UI)
nav-down	http://www.w3.org/TR/2015/CR-css-ui-3-20150707/#propdef-nav-down	CR	CSS Basic User Interface Module Level 3 (CSS3 UI)
nav-left	http://dev.w3.org/csswg/css-ui/#propdef-nav-left	ED	CSS Basic User Interface Module Level 3 (CSS3 UI)
nav-left	http://www.w3.org/TR/2015/CR-css-ui-3-20150707/#propdef-nav-left	CR	CSS Basic User Interface Module Level 3 (CSS3 UI)
nav-right	http://dev.w3.org/csswg/css-ui/#propdef-nav-right	ED	CSS Basic User Interface Module Level 3 (CSS3 UI)
nav-right	http://www.w3.org/TR/2015/CR-css-ui-3-20150707/#propdef-nav-right	CR	CSS Basic User Interface Module Level 3 (CSS3 UI)
nav-up	http://dev.w3.org/csswg/css-ui/#propdef-nav-up	ED	CSS Basic User Interface Module Level 3 (CSS3 UI)
nav-up	http://www.w3.org/TR/2015/CR-css-ui-3-20150707/#propdef-nav-up	CR	CSS Basic User Interface Module Level 3 (CSS3 UI)
object-fit	http://www.w3.org/TR/2012/CR-css3-images-20120417/#object-fit	CR	CSS Image Values and Replaced Content Module Level 3
object-fit	http://www.w3.org/TR/2012/WD-css4-images-20120911/#object-fit	WD	CSS Image Values and Replaced Content Module Level 4
object-position	http://www.w3.org/TR/2012/CR-css3-images-20120417/#object-position	CR	CSS Image Values and Replaced Content Module Level 3
object-position	http://www.w3.org/TR/2012/WD-css4-images-20120911/#object-position	WD	CSS Image Values and Replaced Content Module Level 4
offset-after	http://dev.w3.org/csswg/css-position/#propdef-offset-after	ED	CSS Positioned Layout Module Level 3
offset-after	http://www.w3.org/TR/2015/WD-css3-positioning-20150203/#propdef-offset-after	WD	CSS Positioned Layout Module Level 3
offset-before	http://dev.w3.org/csswg/css-position/#propdef-offset-before	ED	CSS Positioned Layout Module Level 3
offset-before	http://www.w3.org/TR/2015/WD-css3-positioning-20150203/#propdef-offset-before	WD	CSS Positioned Layout Module Level 3
offset-end	http://dev.w3.org/csswg/css-position/#propdef-offset-end	ED	CSS Positioned Layout Module Level 3
offset-end	http://www.w3.org/TR/2015/WD-css3-positioning-20150203/#propdef-offset-end	WD	CSS Positioned Layout Module Level 3
offset-start	http://dev.w3.org/csswg/css-position/#propdef-offset-start	ED	CSS Positioned Layout Module Level 3
offset-start	http://www.w3.org/TR/2015/WD-css3-positioning-20150203/#propdef-offset-start	WD	CSS Positioned Layout Module Level 3
opacity	http://www.w3.org/TR/2011/REC-css3-color-20110607#opacity	REC	CSS Color Module Level 3
order	http://www.w3.org/TR/2016/CR-css-flexbox-1-20160301/#propdef-order	CR	CSS Flexible Box Layout Module Level 1
order	https://drafts.csswg.org/css-flexbox/#propdef-order	ED	CSS Flexible Box Layout Module Level 1
orphans	http://dev.w3.org/csswg/css-break/#propdef-orphans	ED	CSS Fragmentation Module Level 3
orphans	http://www.w3.org/TR/2011/REC-CSS2-20110607/page.html#propdef-orphans	REC	CSS 2.1
orphans	http://www.w3.org/TR/2016/CR-css-break-3-20160114/#propdef-orphans	CR	CSS Fragmentation Module Level 3
outline	http://dev.w3.org/csswg/css-ui/#propdef-outline	ED	CSS Basic User Interface Module Level 3 (CSS3 UI)
outline	http://www.w3.org/TR/2011/REC-CSS2-20110607/ui.html#propdef-outline	REC	CSS 2.1
outline	http://www.w3.org/TR/2015/CR-css-ui-3-20150707/#propdef-outline	CR	CSS Basic User Interface Module Level 3 (CSS3 UI)
outline-color	http://dev.w3.org/csswg/css-ui/#propdef-outline-color	ED	CSS Basic User Interface Module Level 3 (CSS3 UI)
outline-color	http://www.w3.org/TR/2011/REC-CSS2-20110607/ui.html#propdef-outline-color	REC	CSS 2.1
outline-color	http://www.w3.org/TR/2015/CR-css-ui-3-20150707/#propdef-outline-color	CR	CSS Basic User Interface Module Level 3 (CSS3 UI)
outline-offset	http://dev.w3.org/csswg/css-ui/#propdef-outline-offset	ED	CSS Basic User Interface Module Level 3 (CSS3 UI)
outline-offset	http://www.w3.org/TR/2015/CR-css-ui-3-20150707/#propdef-outline-offset	CR	CSS Basic User Interface Module Level 3 (CSS3 UI)
outline-style	http://dev.w3.org/csswg/css-ui/#propdef-outline-style	ED	CSS Basic User Interface Module Level 3 (CSS3 UI)
outline-style	http://www.w3.org/TR/2011/REC-CSS2-20110607/ui.html#propdef-outline-style	REC	CSS 2.1
outline-style	http://www.w3.org/TR/2015/CR-css-ui-3-20150707/#propdef-outline-style	CR	CSS Basic User Interface Module Level 3 (CSS3 UI)
outline-width	http://dev.w3.org/csswg/css-ui/#propdef-outline-width	ED	CSS Basic User Interface Module Level 3 (CSS3 UI)
outline-width	http://www.w3.org/TR/2011/REC-CSS2-20110607/ui.html#propdef-outline-width	REC	CSS 2.1
outline-width	http://www.w3.org/TR/2015/CR-css-ui-3-20150707/#propdef-outline-width	CR	CSS Basic User Interface Module Level 3 (CSS3 UI)
overflow	http://www.w3.org/TR/2007/WD-css3-box-20070809#overflow0	WD	CSS basic box model
overflow	http://www.w3.org/TR/2011/REC-CSS2-20110607/visufx.html#propdef-overflow	REC	CSS 2.1
overflow	http://www.w3.org/TR/2013/WD-css-overflow-3-20130418/#overflow	WD	CSS Overflow Module Level 3
overflow-style	http://www.w3.org/TR/2007/WD-css3-box-20070809#overflow-style	WD	CSS basic box model
overflow-wrap	http://dev.w3.org/csswg/css-text-3/#propdef-overflow-wrap	ED	CSS Text Module Level 3
overflow-wrap	http://www.w3.org/TR/2013/WD-css-text-3-20131010/#overflow-wrap	LC	CSS Text Module Level 3
overflow-x	http://www.w3.org/TR/2007/WD-css3-box-20070809#overflow-x	WD	CSS basic box model
overflow-x	http://www.w3.org/TR/2013/WD-css-overflow-3-20130418/#overflow-x	WD	CSS Overflow Module Level 3
overflow-y	http://www.w3.org/TR/2007/WD-css3-box-20070809#overflow-y	WD	CSS basic box model
overflow-y	http://www.w3.org/TR/2013/WD-css-overflow-3-20130418/#overflow-y	WD	CSS Overflow Module Level 3
padding	http://www.w3.org/TR/2007/WD-css3-box-20070809#padding1	WD	CSS basic box model
padding	http://www.w3.org/TR/2011/REC-CSS2-20110607/box.html#propdef-padding	REC	CSS 2.1
padding-bottom	http://www.w3.org/TR/2007/WD-css3-box-20070809#padding-bottom	WD	CSS basic box model
padding-bottom	http://www.w3.org/TR/2011/REC-CSS2-20110607/box.html#propdef-padding-bottom	REC	CSS 2.1
padding-left	http://www.w3.org/TR/2007/WD-css3-box-20070809#padding-left	WD	CSS basic box model
padding-left	http://www.w3.org/TR/2011/REC-CSS2-20110607/box.html#propdef-padding-left	REC	CSS 2.1
padding-right	http://www.w3.org/TR/2007/WD-css3-box-20070809#padding-right	WD	CSS basic box model
padding-right	http://www.w3.org/TR/2011/REC-CSS2-20110607/box.html#propdef-padding-right	REC	CSS 2.1
padding-top	http://www.w3.org/TR/2007/WD-css3-box-20070809#padding-top	WD	CSS basic box model
padding-top	http://www.w3.org/TR/2011/REC-CSS2-20110607/box.html#propdef-padding-top	REC	CSS 2.1
page	http://www.w3.org/TR/2013/WD-css3-page-20130314/#page	WD	CSS Paged Media Module Level 3
page-break-after	http://www.w3.org/TR/2011/REC-CSS2-20110607/page.html#propdef-page-break-after	REC	CSS 2.1
page-break-before	http://www.w3.org/TR/2011/REC-CSS2-20110607/page.html#propdef-page-break-before	REC	CSS 2.1
page-break-inside	http://www.w3.org/TR/2011/REC-CSS2-20110607/page.html#propdef-page-break-inside	REC	CSS 2.1
page-policy	http://www.w3.org/TR/2003/WD-css3-content-20030514#page-policy0	WD	CSS3 Generated and Replaced Content Module
pause	http://www.w3.org/TR/2011/REC-CSS2-20110607/aural.html#propdef-pause	REC	CSS 2.1
pause	http://www.w3.org/TR/2012/CR-css3-speech-20120320/#pause	CR	CSS Speech Module
pause-after	http://www.w3.org/TR/2011/REC-CSS2-20110607/aural.html#propdef-pause-after	REC	CSS 2.1
pause-after	http://www.w3.org/TR/2012/CR-css3-speech-20120320/#pause-after	CR	CSS Speech Module
pause-before	http://www.w3.org/TR/2011/REC-CSS2-20110607/aural.html#propdef-pause-before	REC	CSS 2.1
pause-before	http://www.w3.org/TR/2012/CR-css3-speech-20120320/#pause-before	CR	CSS Speech Module
perspective	http://dev.w3.org/csswg/css-transforms/#propdef-perspective	ED	CSS Transforms Module Level 1
perspective	http://www.w3.org/TR/2013/WD-css-transforms-1-20131126/#propdef-perspective	WD	CSS Transforms Module Level 1
perspective-origin	http://dev.w3.org/csswg/css-transforms/#propdef-perspective-origin	ED	CSS Transforms Module Level 1
perspective-origin	http://www.w3.org/TR/2013/WD-css-transforms-1-20131126/#propdef-perspective-origin	WD	CSS Transforms Module Level 1
pitch	http://www.w3.org/TR/2011/REC-CSS2-20110607/aural.html#propdef-pitch	REC	CSS 2.1
pitch-range	http://www.w3.org/TR/2011/REC-CSS2-20110607/aural.html#propdef-pitch-range	REC	CSS 2.1
play-during	http://www.w3.org/TR/2011/REC-CSS2-20110607/aural.html#propdef-play-during	REC	CSS 2.1
polar-anchor	http://www.w3.org/TR/2016/WD-css-round-display-1-20160301/#propdef-polar-anchor	WD	CSS Round Display Level 1
polar-anchor	https://drafts.csswg.org/css-round-display/#propdef-polar-anchor	ED	CSS Round Display Level 1
polar-angle	http://www.w3.org/TR/2016/WD-css-round-display-1-20160301/#propdef-polar-angle	WD	CSS Round Display Level 1
polar-angle	https://drafts.csswg.org/css-round-display/#propdef-polar-angle	ED	CSS Round Display Level 1
polar-distance	http://www.w3.org/TR/2016/WD-css-round-display-1-20160301/#propdef-polar-distance	WD	CSS Round Display Level 1
polar-distance	https://drafts.csswg.org/css-round-display/#propdef-polar-distance	ED	CSS Round Display Level 1
polar-origin	http://www.w3.org/TR/2016/WD-css-round-display-1-20160301/#propdef-polar-origin	WD	CSS Round Display Level 1
polar-origin	https://drafts.csswg.org/css-round-display/#propdef-polar-origin	ED	CSS Round Display Level 1
position	http://dev.w3.org/csswg/css-position/#propdef-position	ED	CSS Positioned Layout Module Level 3
position	http://www.w3.org/TR/2011/REC-CSS2-20110607/visuren.html#propdef-position	REC	CSS 2.1
position	http://www.w3.org/TR/2015/WD-css3-positioning-20150203/#propdef-position	WD	CSS Positioned Layout Module Level 3
presentation-level	http://www.w3.org/TR/2014/NOTE-css3-preslev-20141014/#presentation-level	NOTE	CSS Presentation Levels Module
quotes	http://www.w3.org/TR/2003/WD-css3-content-20030514#quotes	WD	CSS3 Generated and Replaced Content Module
quotes	http://www.w3.org/TR/2011/REC-CSS2-20110607/generate.html#propdef-quotes	REC	CSS 2.1
region-fragment	http://dev.w3.org/csswg/css-regions/#propdef-region-fragment	ED	CSS Regions Module Level 1
region-fragment	http://www.w3.org/TR/2014/WD-css-regions-1-20141009/#propdef-region-fragment	WD	CSS Regions Module Level 1
resize	http://dev.w3.org/csswg/css-ui/#propdef-resize	ED	CSS Basic User Interface Module Level 3 (CSS3 UI)
resize	http://www.w3.org/TR/2015/CR-css-ui-3-20150707/#propdef-resize	CR	CSS Basic User Interface Module Level 3 (CSS3 UI)
rest	http://www.w3.org/TR/2012/CR-css3-speech-20120320/#rest	CR	CSS Speech Module
rest-after	http://www.w3.org/TR/2012/CR-css3-speech-20120320/#rest-after	CR	CSS Speech Module
rest-before	http://www.w3.org/TR/2012/CR-css3-speech-20120320/#rest-before	CR	CSS Speech Module
richness	http://www.w3.org/TR/2011/REC-CSS2-20110607/aural.html#propdef-richness	REC	CSS 2.1
right	http://dev.w3.org/csswg/css-position/#propdef-right	ED	CSS Positioned Layout Module Level 3
right	http://www.w3.org/TR/2011/REC-CSS2-20110607/visuren.html#propdef-right	REC	CSS 2.1
right	http://www.w3.org/TR/2015/WD-css3-positioning-20150203/#propdef-right	WD	CSS Positioned Layout Module Level 3
rotation	http://www.w3.org/TR/2007/WD-css3-box-20070809#rotation	WD	CSS basic box model
rotation-point	http://www.w3.org/TR/2007/WD-css3-box-20070809#rotation-point	WD	CSS basic box model
ruby-align	http://dev.w3.org/csswg/css-ruby-1/#propdef-ruby-align	ED	CSS Ruby Layout Module Level 1
ruby-align	http://www.w3.org/TR/2014/WD-css-ruby-1-20140805/#propdef-ruby-align	WD	CSS Ruby Layout Module Level 1
ruby-merge	http://dev.w3.org/csswg/css-ruby-1/#propdef-ruby-merge	ED	CSS Ruby Layout Module Level 1
ruby-merge	http://www.w3.org/TR/2014/WD-css-ruby-1-20140805/#propdef-ruby-merge	WD	CSS Ruby Layout Module Level 1
ruby-position	http://dev.w3.org/csswg/css-ruby-1/#propdef-ruby-position	ED	CSS Ruby Layout Module Level 1
ruby-position	http://www.w3.org/TR/2014/WD-css-ruby-1-20140805/#propdef-ruby-position	WD	CSS Ruby Layout Module Level 1
running	http://dev.w3.org/csswg/css-gcpm/#propdef-running	ED	CSS Generated Content for Paged Media Module
running	http://www.w3.org/TR/2014/WD-css-gcpm-3-20140513/#propdef-running	WD	CSS Generated Content for Paged Media Module
scroll-behavior	http://www.w3.org/TR/2016/WD-cssom-view-1-20160317/#propdef-scroll-behavior	WD	CSSOM View Module
scroll-behavior	https://drafts.csswg.org/cssom-view/#propdef-scroll-behavior	ED	CSSOM View Module
scroll-snap-align	http://www.w3.org/TR/2016/WD-css-snappoints-1-20160329/#propdef-scroll-snap-align	WD	CSS Scroll Snap Points Module Level 1
scroll-snap-align	https://drafts.csswg.org/css-snappoints/#propdef-scroll-snap-align	ED	CSS Scroll Snap Points Module Level 1
scroll-snap-margin	http://www.w3.org/TR/2016/WD-css-snappoints-1-20160329/#propdef-scroll-snap-margin	WD	CSS Scroll Snap Points Module Level 1
scroll-snap-margin	https://drafts.csswg.org/css-snappoints/#propdef-scroll-snap-margin	ED	CSS Scroll Snap Points Module Level 1
scroll-snap-margin-block	https://drafts.csswg.org/css-snappoints/#propdef-scroll-snap-margin-block	ED	CSS Scroll Snap Points Module Level 1
scroll-snap-margin-block-end	https://drafts.csswg.org/css-snappoints/#propdef-scroll-snap-margin-block-end	ED	CSS Scroll Snap Points Module Level 1
scroll-snap-margin-block-start	https://drafts.csswg.org/css-snappoints/#propdef-scroll-snap-margin-block-start	ED	CSS Scroll Snap Points Module Level 1
scroll-snap-margin-bottom	https://drafts.csswg.org/css-snappoints/#propdef-scroll-snap-margin-bottom	ED	CSS Scroll Snap Points Module Level 1
scroll-snap-margin-inline	https://drafts.csswg.org/css-snappoints/#propdef-scroll-snap-margin-inline	ED	CSS Scroll Snap Points Module Level 1
scroll-snap-margin-inline-end	https://drafts.csswg.org/css-snappoints/#propdef-scroll-snap-margin-inline-end	ED	CSS Scroll Snap Points Module Level 1
scroll-snap-margin-inline-start	https://drafts.csswg.org/css-snappoints/#propdef-scroll-snap-margin-inline-start	ED	CSS Scroll Snap Points Module Level 1
scroll-snap-margin-left	https://drafts.csswg.org/css-snappoints/#propdef-scroll-snap-margin-left	ED	CSS Scroll Snap Points Module Level 1
scroll-snap-margin-right	https://drafts.csswg.org/css-snappoints/#propdef-scroll-snap-margin-right	ED	CSS Scroll Snap Points Module Level 1
scroll-snap-margin-top	https://drafts.csswg.org/css-snappoints/#propdef-scroll-snap-margin-top	ED	CSS Scroll Snap Points Module Level 1
scroll-snap-padding	http://www.w3.org/TR/2016/WD-css-snappoints-1-20160329/#propdef-scroll-snap-padding	WD	CSS Scroll Snap Points Module Level 1
scroll-snap-padding	https://drafts.csswg.org/css-snappoints/#propdef-scroll-snap-padding	ED	CSS Scroll Snap Points Module Level 1
scroll-snap-padding-block	https://drafts.csswg.org/css-snappoints/#propdef-scroll-snap-padding-block	ED	CSS Scroll Snap Points Module Level 1
scroll-snap-padding-block-end	https://drafts.csswg.org/css-snappoints/#propdef-scroll-snap-padding-block-end	ED	CSS Scroll Snap Points Module Level 1
scroll-snap-padding-block-start	https://drafts.csswg.org/css-snappoints/#propdef-scroll-snap-padding-block-start	ED	CSS Scroll Snap Points Module Level 1
scroll-snap-padding-bottom	https://drafts.csswg.org/css-snappoints/#propdef-scroll-snap-padding-bottom	ED	CSS Scroll Snap Points Module Level 1
scroll-snap-padding-inline	https://drafts.csswg.org/css-snappoints/#propdef-scroll-snap-padding-inline	ED	CSS Scroll Snap Points Module Level 1
scroll-snap-padding-inline-end	https://drafts.csswg.org/css-snappoints/#propdef-scroll-snap-padding-inline-end	ED	CSS Scroll Snap Points Module Level 1
scroll-snap-padding-inline-start	https://drafts.csswg.org/css-snappoints/#propdef-scroll-snap-padding-inline-start	ED	CSS Scroll Snap Points Module Level 1
scroll-snap-padding-left	https://drafts.csswg.org/css-snappoints/#propdef-scroll-snap-padding-left	ED	CSS Scroll Snap Points Module Level 1
scroll-snap-padding-right	https://drafts.csswg.org/css-snappoints/#propdef-scroll-snap-padding-right	ED	CSS Scroll Snap Points Module Level 1
scroll-snap-padding-top	https://drafts.csswg.org/css-snappoints/#propdef-scroll-snap-padding-top	ED	CSS Scroll Snap Points Module Level 1
scroll-snap-type	http://www.w3.org/TR/2016/WD-css-snappoints-1-20160329/#propdef-scroll-snap-type	WD	CSS Scroll Snap Points Module Level 1
scroll-snap-type	https://drafts.csswg.org/css-snappoints/#propdef-scroll-snap-type	ED	CSS Scroll Snap Points Module Level 1
shape-image-threshold	http://dev.w3.org/csswg/css-shapes/#propdef-shape-image-threshold	ED	CSS Shapes Module Level 1
shape-image-threshold	http://www.w3.org/TR/2014/CR-css-shapes-1-20140320/#propdef-shape-image-threshold	CR	CSS Shapes Module Level 1
shape-inside	http://www.w3.org/TR/2016/WD-css-round-display-1-20160301/#propdef-shape-inside	WD	CSS Round Display Level 1
shape-inside	https://drafts.csswg.org/css-round-display/#propdef-shape-inside	ED	CSS Round Display Level 1
shape-margin	http://dev.w3.org/csswg/css-shapes/#propdef-shape-margin	ED	CSS Shapes Module Level 1
shape-margin	http://www.w3.org/TR/2014/CR-css-shapes-1-20140320/#propdef-shape-margin	CR	CSS Shapes Module Level 1
shape-outside	http://dev.w3.org/csswg/css-shapes/#propdef-shape-outside	ED	CSS Shapes Module Level 1
shape-outside	http://www.w3.org/TR/2014/CR-css-shapes-1-20140320/#propdef-shape-outside	CR	CSS Shapes Module Level 1
size	http://www.w3.org/TR/2013/WD-css3-page-20130314/#size	WD	CSS Paged Media Module Level 3
speak	http://www.w3.org/TR/2011/REC-CSS2-20110607/aural.html#propdef-speak	REC	CSS 2.1
speak	http://www.w3.org/TR/2012/CR-css3-speech-20120320/#speak	CR	CSS Speech Module
speak-as	http://www.w3.org/TR/2012/CR-css3-speech-20120320/#speak-as	CR	CSS Speech Module
speak-header	http://www.w3.org/TR/2011/REC-CSS2-20110607/aural.html#propdef-speak-header	REC	CSS 2.1
speak-numeral	http://www.w3.org/TR/2011/REC-CSS2-20110607/aural.html#propdef-speak-numeral	REC	CSS 2.1
speak-punctuation	http://www.w3.org/TR/2011/REC-CSS2-20110607/aural.html#propdef-speak-punctuation	REC	CSS 2.1
speech-rate	http://www.w3.org/TR/2011/REC-CSS2-20110607/aural.html#propdef-speech-rate	REC	CSS 2.1
stress	http://www.w3.org/TR/2011/REC-CSS2-20110607/aural.html#propdef-stress	REC	CSS 2.1
string-set	http://dev.w3.org/csswg/css-gcpm/#propdef-string-set	ED	CSS Generated Content for Paged Media Module
string-set	http://www.w3.org/TR/2014/WD-css-gcpm-3-20140513/#propdef-string-set	WD	CSS Generated Content for Paged Media Module
stroke	http://www.w3.org/TR/2015/WD-svg-strokes-20150409/#StrokeProperty	FPWD	SVG Strokes
stroke	https://svgwg.org/specs/strokes/#StrokeProperty	ED	SVG Strokes
stroke-alignment	http://www.w3.org/TR/2015/WD-svg-strokes-20150409/#StrokeAlignmentProperty	FPWD	SVG Strokes
stroke-alignment	https://svgwg.org/specs/strokes/#StrokeAlignmentProperty	ED	SVG Strokes
stroke-dashadjust	http://www.w3.org/TR/2015/WD-svg-strokes-20150409/#StrokeDashadjustProperty	FPWD	SVG Strokes
stroke-dashadjust	https://svgwg.org/specs/strokes/#StrokeDashadjustProperty	ED	SVG Strokes
stroke-dasharray	http://www.w3.org/TR/2015/WD-svg-strokes-20150409/#StrokeDasharrayProperty	FPWD	SVG Strokes
stroke-dasharray	https://svgwg.org/specs/strokes/#StrokeDasharrayProperty	ED	SVG Strokes
stroke-dashcorner	http://www.w3.org/TR/2015/WD-svg-strokes-20150409/#StrokeDashcornerProperty	FPWD	SVG Strokes
stroke-dashcorner	https://svgwg.org/specs/strokes/#StrokeDashcornerProperty	ED	SVG Strokes
stroke-dashoffset	http://www.w3.org/TR/2015/WD-svg-strokes-20150409/#StrokeDashoffsetProperty	FPWD	SVG Strokes
stroke-dashoffset	https://svgwg.org/specs/strokes/#StrokeDashoffsetProperty	ED	SVG Strokes
stroke-linecap	http://www.w3.org/TR/2015/WD-svg-strokes-20150409/#StrokeLinecapProperty	FPWD	SVG Strokes
stroke-linecap	https://svgwg.org/specs/strokes/#StrokeLinecapProperty	ED	SVG Strokes
stroke-linejoin	http://www.w3.org/TR/2015/WD-svg-strokes-20150409/#StrokeLinejoinProperty	FPWD	SVG Strokes
stroke-linejoin	https://svgwg.org/specs/strokes/#StrokeLinejoinProperty	ED	SVG Strokes
stroke-miterlimit	http://www.w3.org/TR/2015/WD-svg-strokes-20150409/#StrokeMiterlimitProperty	FPWD	SVG Strokes
stroke-miterlimit	https://svgwg.org/specs/strokes/#StrokeMiterlimitProperty	ED	SVG Strokes
stroke-opacity	http://www.w3.org/TR/2015/WD-svg-strokes-20150409/#StrokeOpacityProperty	FPWD	SVG Strokes
stroke-opacity	https://svgwg.org/specs/strokes/#StrokeOpacityProperty	ED	SVG Strokes
stroke-width	http://www.w3.org/TR/2015/WD-svg-strokes-20150409/#StrokeWidthProperty	FPWD	SVG Strokes
stroke-width	https://svgwg.org/specs/strokes/#StrokeWidthProperty	ED	SVG Strokes
tab-size	http://dev.w3.org/csswg/css-text-3/#propdef-tab-size	ED	CSS Text Module Level 3
tab-size	http://www.w3.org/TR/2013/WD-css-text-3-20131010/#tab-size	LC	CSS Text Module Level 3
table-layout	http://www.w3.org/TR/2011/REC-CSS2-20110607/tables.html#propdef-table-layout	REC	CSS 2.1
text-align	http://dev.w3.org/csswg/css-text-3/#propdef-text-align	ED	CSS Text Module Level 3
text-align	http://www.w3.org/TR/2011/REC-CSS2-20110607/text.html#propdef-text-align	REC	CSS 2.1
text-align	http://www.w3.org/TR/2013/WD-css-text-3-20131010/#text-align	LC	CSS Text Module Level 3
text-align-all	http://dev.w3.org/csswg/css-text-3/#propdef-text-align-all	ED	CSS Text Module Level 3
text-align-last	http://dev.w3.org/csswg/css-text-3/#propdef-text-align-last	ED	CSS Text Module Level 3
text-align-last	http://www.w3.org/TR/2013/WD-css-text-3-20131010/#text-align-last	LC	CSS Text Module Level 3
text-combine-upright	http://dev.w3.org/csswg/css-writing-modes-3/#propdef-text-combine-upright	ED	CSS Writing Modes Level 3
text-combine-upright	http://www.w3.org/TR/2015/CR-css-writing-modes-3-20151215/#propdef-text-combine-upright	CR	CSS Writing Modes Level 3
text-decoration	http://dev.w3.org/csswg/css-text-decor-3/#propdef-text-decoration	ED	CSS Text Decoration Module Level 3
text-decoration	http://www.w3.org/TR/2011/REC-CSS2-20110607/text.html#propdef-text-decoration	REC	CSS 2.1
text-decoration	http://www.w3.org/TR/2013/CR-css-text-decor-3-20130801/#text-decoration	CR	CSS Text Decoration Module Level 3
text-decoration-color	http://dev.w3.org/csswg/css-text-decor-3/#propdef-text-decoration-color	ED	CSS Text Decoration Module Level 3
text-decoration-color	http://www.w3.org/TR/2013/CR-css-text-decor-3-20130801/#text-decoration-color	CR	CSS Text Decoration Module Level 3
text-decoration-line	http://dev.w3.org/csswg/css-text-decor-3/#propdef-text-decoration-line	ED	CSS Text Decoration Module Level 3
text-decoration-line	http://www.w3.org/TR/2013/CR-css-text-decor-3-20130801/#text-decoration-line	CR	CSS Text Decoration Module Level 3
text-decoration-skip	http://dev.w3.org/csswg/css-text-decor-3/#propdef-text-decoration-skip	ED	CSS Text Decoration Module Level 3
text-decoration-skip	http://www.w3.org/TR/2013/CR-css-text-decor-3-20130801/#text-decoration-skip	CR	CSS Text Decoration Module Level 3
text-decoration-style	http://dev.w3.org/csswg/css-text-decor-3/#propdef-text-decoration-style	ED	CSS Text Decoration Module Level 3
text-decoration-style	http://www.w3.org/TR/2013/CR-css-text-decor-3-20130801/#text-decoration-style	CR	CSS Text Decoration Module Level 3
text-emphasis	http://dev.w3.org/csswg/css-text-decor-3/#propdef-text-emphasis	ED	CSS Text Decoration Module Level 3
text-emphasis	http://www.w3.org/TR/2013/CR-css-text-decor-3-20130801/#text-emphasis	CR	CSS Text Decoration Module Level 3
text-emphasis-color	http://dev.w3.org/csswg/css-text-decor-3/#propdef-text-emphasis-color	ED	CSS Text Decoration Module Level 3
text-emphasis-color	http://www.w3.org/TR/2013/CR-css-text-decor-3-20130801/#text-emphasis-color	CR	CSS Text Decoration Module Level 3
text-emphasis-position	http://dev.w3.org/csswg/css-text-decor-3/#propdef-text-emphasis-position	ED	CSS Text Decoration Module Level 3
text-emphasis-position	http://www.w3.org/TR/2013/CR-css-text-decor-3-20130801/#text-emphasis-position	CR	CSS Text Decoration Module Level 3
text-emphasis-style	http://dev.w3.org/csswg/css-text-decor-3/#propdef-text-emphasis-style	ED	CSS Text Decoration Module Level 3
text-emphasis-style	http://www.w3.org/TR/2013/CR-css-text-decor-3-20130801/#text-emphasis-style	CR	CSS Text Decoration Module Level 3
text-indent	http://dev.w3.org/csswg/css-text-3/#propdef-text-indent	ED	CSS Text Module Level 3
text-indent	http://www.w3.org/TR/2011/REC-CSS2-20110607/text.html#propdef-text-indent	REC	CSS 2.1
text-indent	http://www.w3.org/TR/2013/WD-css-text-3-20131010/#text-indent	LC	CSS Text Module Level 3
text-justify	http://dev.w3.org/csswg/css-text-3/#propdef-text-justify	ED	CSS Text Module Level 3
text-justify	http://www.w3.org/TR/2013/WD-css-text-3-20131010/#text-justify	LC	CSS Text Module Level 3
text-orientation	http://dev.w3.org/csswg/css-writing-modes-3/#propdef-text-orientation	ED	CSS Writing Modes Level 3
text-orientation	http://www.w3.org/TR/2015/CR-css-writing-modes-3-20151215/#propdef-text-orientation	CR	CSS Writing Modes Level 3
text-overflow	http://dev.w3.org/csswg/css-ui/#propdef-text-overflow	ED	CSS Basic User Interface Module Level 3 (CSS3 UI)
text-overflow	http://www.w3.org/TR/2015/CR-css-ui-3-20150707/#propdef-text-overflow	CR	CSS Basic User Interface Module Level 3 (CSS3 UI)
text-shadow	http://dev.w3.org/csswg/css-text-decor-3/#propdef-text-shadow	ED	CSS Text Decoration Module Level 3
text-shadow	http://www.w3.org/TR/2013/CR-css-text-decor-3-20130801/#text-shadow	CR	CSS Text Decoration Module Level 3
text-space-collapse	http://dev.w3.org/csswg/css-text-4/#propdef-text-space-collapse	ED	CSS Text Module Level 4
text-space-collapse	http://www.w3.org/TR/2015/WD-css-text-4-20150922/#propdef-text-space-collapse	FPWD	CSS Text Module Level 4
text-space-trim	http://dev.w3.org/csswg/css-text-4/#propdef-text-space-trim	ED	CSS Text Module Level 4
text-space-trim	http://www.w3.org/TR/2015/WD-css-text-4-20150922/#propdef-text-space-trim	FPWD	CSS Text Module Level 4
text-spacing	http://dev.w3.org/csswg/css-text-4/#propdef-text-spacing	ED	CSS Text Module Level 4
text-spacing	http://www.w3.org/TR/2015/WD-css-text-4-20150922/#propdef-text-spacing	FPWD	CSS Text Module Level 4
text-transform	http://dev.w3.org/csswg/css-text-3/#propdef-text-transform	ED	CSS Text Module Level 3
text-transform	http://www.w3.org/TR/2011/REC-CSS2-20110607/text.html#propdef-text-transform	REC	CSS 2.1
text-transform	http://www.w3.org/TR/2013/WD-css-text-3-20131010/#text-transform	LC	CSS Text Module Level 3
text-underline-position	http://dev.w3.org/csswg/css-text-decor-3/#propdef-text-underline-position	ED	CSS Text Decoration Module Level 3
text-underline-position	http://www.w3.org/TR/2013/CR-css-text-decor-3-20130801/#text-underline-position	CR	CSS Text Decoration Module Level 3
text-wrap	http://dev.w3.org/csswg/css-text-4/#propdef-text-wrap	ED	CSS Text Module Level 4
text-wrap	http://www.w3.org/TR/2015/WD-css-text-4-20150922/#propdef-text-wrap	FPWD	CSS Text Module Level 4
top	http://dev.w3.org/csswg/css-position/#propdef-top	ED	CSS Positioned Layout Module Level 3
top	http://www.w3.org/TR/2011/REC-CSS2-20110607/visuren.html#propdef-top	REC	CSS 2.1
top	http://www.w3.org/TR/2015/WD-css3-positioning-20150203/#propdef-top	WD	CSS Positioned Layout Module Level 3
transform	http://dev.w3.org/csswg/css-transforms/#propdef-transform	ED	CSS Transforms Module Level 1
transform	http://www.w3.org/TR/2013/WD-css-transforms-1-20131126/#propdef-transform	WD	CSS Transforms Module Level 1
transform-box	http://dev.w3.org/csswg/css-transforms/#propdef-transform-box	ED	CSS Transforms Module Level 1
transform-origin	http://dev.w3.org/csswg/css-transforms/#propdef-transform-origin	ED	CSS Transforms Module Level 1
transform-origin	http://www.w3.org/TR/2013/WD-css-transforms-1-20131126/#propdef-transform-origin	WD	CSS Transforms Module Level 1
transform-style	http://dev.w3.org/csswg/css-transforms/#propdef-transform-style	ED	CSS Transforms Module Level 1
transform-style	http://www.w3.org/TR/2013/WD-css-transforms-1-20131126/#propdef-transform-style	WD	CSS Transforms Module Level 1
transition	http://dev.w3.org/csswg/css-transitions/#propdef-transition	ED	CSS Transitions
transition	http://www.w3.org/TR/2013/WD-css3-transitions-20131119/#transition	WD	CSS Transitions
transition-delay	http://dev.w3.org/csswg/css-transitions/#propdef-transition-delay	ED	CSS Transitions
transition-delay	http://www.w3.org/TR/2013/WD-css3-transitions-20131119/#transition-delay	WD	CSS Transitions
transition-duration	http://dev.w3.org/csswg/css-transitions/#propdef-transition-duration	ED	CSS Transitions
transition-duration	http://www.w3.org/TR/2013/WD-css3-transitions-20131119/#transition-duration	WD	CSS Transitions
transition-property	http://dev.w3.org/csswg/css-transitions/#propdef-transition-property	ED	CSS Transitions
transition-property	http://www.w3.org/TR/2013/WD-css3-transitions-20131119/#transition-property	WD	CSS Transitions
transition-timing-function	http://dev.w3.org/csswg/css-transitions/#propdef-transition-timing-function	ED	CSS Transitions
transition-timing-function	http://www.w3.org/TR/2013/WD-css3-transitions-20131119/#transition-timing-function	WD	CSS Transitions
unicode-bidi	http://dev.w3.org/csswg/css-writing-modes-3/#propdef-unicode-bidi	ED	CSS Writing Modes Level 3
unicode-bidi	http://www.w3.org/TR/2011/REC-CSS2-20110607/visuren.html#propdef-unicode-bidi	REC	CSS 2.1
unicode-bidi	http://www.w3.org/TR/2015/CR-css-writing-modes-3-20151215/#propdef-unicode-bidi	CR	CSS Writing Modes Level 3
user-select	http://dev.w3.org/csswg/css-ui-4/#propdef-user-select	ED	CSS Basic User Interface Module Level 4
user-select	http://www.w3.org/TR/2015/WD-css-ui-4-20150922/#propdef-user-select	FPWD	CSS Basic User Interface Module Level 4
vertical-align	http://dev.w3.org/csswg/css-inline/#propdef-vertical-align	ED	CSS Inline Layout Module Level 3
vertical-align	http://www.w3.org/TR/2011/REC-CSS2-20110607/visudet.html#propdef-vertical-align	REC	CSS 2.1
vertical-align	http://www.w3.org/TR/2015/WD-css-inline-3-20150917/#propdef-vertical-align	WD	CSS Inline Layout Module Level 3
visibility	http://www.w3.org/TR/2007/WD-css3-box-20070809#visibility	WD	CSS basic box model
visibility	http://www.w3.org/TR/2011/REC-CSS2-20110607/visufx.html#propdef-visibility	REC	CSS 2.1
voice-balance	http://www.w3.org/TR/2012/CR-css3-speech-20120320/#voice-balance	CR	CSS Speech Module
voice-duration	http://www.w3.org/TR/2012/CR-css3-speech-20120320/#voice-duration	CR	CSS Speech Module
voice-family	http://www.w3.org/TR/2011/REC-CSS2-20110607/aural.html#propdef-voice-family	REC	CSS 2.1
voice-family	http://www.w3.org/TR/2012/CR-css3-speech-20120320/#voice-family	CR	CSS Speech Module
voice-pitch	http://www.w3.org/TR/2012/CR-css3-speech-20120320/#voice-pitch	CR	CSS Speech Module
voice-range	http://www.w3.org/TR/2012/CR-css3-speech-20120320/#voice-range	CR	CSS Speech Module
voice-rate	http://www.w3.org/TR/2012/CR-css3-speech-20120320/#voice-rate	CR	CSS Speech Module
voice-stress	http://www.w3.org/TR/2012/CR-css3-speech-20120320/#voice-stress	CR	CSS Speech Module
voice-volume	http://www.w3.org/TR/2012/CR-css3-speech-20120320/#voice-volume	CR	CSS Speech Module
volume	http://www.w3.org/TR/2011/REC-CSS2-20110607/aural.html#propdef-volume	REC	CSS 2.1
white-space	http://dev.w3.org/csswg/css-text-3/#propdef-white-space	ED	CSS Text Module Level 3
white-space	http://dev.w3.org/csswg/css-text-4/#propdef-white-space	ED	CSS Text Module Level 4
white-space	http://www.w3.org/TR/2011/REC-CSS2-20110607/text.html#propdef-white-space	REC	CSS 2.1
white-space	http://www.w3.org/TR/2013/WD-css-text-3-20131010/#white-space	LC	CSS Text Module Level 3
white-space	http://www.w3.org/TR/2015/WD-css-text-4-20150922/#propdef-white-space	FPWD	CSS Text Module Level 4
widows	http://dev.w3.org/csswg/css-break/#propdef-widows	ED	CSS Fragmentation Module Level 3
widows	http://www.w3.org/TR/2011/REC-CSS2-20110607/page.html#propdef-widows	REC	CSS 2.1
widows	http://www.w3.org/TR/2016/CR-css-break-3-20160114/#propdef-widows	CR	CSS Fragmentation Module Level 3
width	http://www.w3.org/TR/2007/WD-css3-box-20070809#width	WD	CSS basic box model
width	http://www.w3.org/TR/2011/REC-CSS2-20110607/visudet.html#propdef-width	REC	CSS 2.1
will-change	http://dev.w3.org/csswg/css-will-change/#propdef-will-change	ED	CSS Will Change Module Level 1
will-change	http://www.w3.org/TR/2015/CR-css-will-change-1-20151203/#propdef-will-change	CR	CSS Will Change Module Level 1
word-break	http://dev.w3.org/csswg/css-text-3/#propdef-word-break	ED	CSS Text Module Level 3
word-break	http://www.w3.org/TR/2013/WD-css-text-3-20131010/#word-break	LC	CSS Text Module Level 3
word-spacing	http://dev.w3.org/csswg/css-text-3/#propdef-word-spacing	ED	CSS Text Module Level 3
word-spacing	http://www.w3.org/TR/2011/REC-CSS2-20110607/text.html#propdef-word-spacing	REC	CSS 2.1
word-spacing	http://www.w3.org/TR/2013/WD-css-text-3-20131010/#word-spacing	LC	CSS Text Module Level 3
word-wrap	http://dev.w3.org/csswg/css-text-3/#propdef-word-wrap	ED	CSS Text Module Level 3
word-wrap	http://www.w3.org/TR/2013/WD-css-text-3-20131010/#word-wrap	LC	CSS Text Module Level 3
wrap-after	http://dev.w3.org/csswg/css-text-4/#propdef-wrap-after	ED	CSS Text Module Level 4
wrap-after	http://www.w3.org/TR/2015/WD-css-text-4-20150922/#propdef-wrap-after	FPWD	CSS Text Module Level 4
wrap-before	http://dev.w3.org/csswg/css-text-4/#propdef-wrap-before	ED	CSS Text Module Level 4
wrap-before	http://www.w3.org/TR/2015/WD-css-text-4-20150922/#propdef-wrap-before	FPWD	CSS Text Module Level 4
wrap-flow	http://dev.w3.org/csswg/css-exclusions/#propdef-wrap-flow	ED	CSS Exclusions Module Level 1
wrap-flow	http://www.w3.org/TR/2015/WD-css3-exclusions-20150115/#propdef-wrap-flow	WD	CSS Exclusions Module Level 1
wrap-inside	http://dev.w3.org/csswg/css-text-4/#propdef-wrap-inside	ED	CSS Text Module Level 4
wrap-inside	http://www.w3.org/TR/2015/WD-css-text-4-20150922/#propdef-wrap-inside	FPWD	CSS Text Module Level 4
wrap-through	http://dev.w3.org/csswg/css-exclusions/#propdef-wrap-through	ED	CSS Exclusions Module Level 1
wrap-through	http://www.w3.org/TR/2015/WD-css3-exclusions-20150115/#propdef-wrap-through	WD	CSS Exclusions Module Level 1
writing-mode	http://dev.w3.org/csswg/css-writing-modes-3/#propdef-writing-mode	ED	CSS Writing Modes Level 3
writing-mode	http://www.w3.org/TR/2015/CR-css-writing-modes-3-20151215/#propdef-writing-mode	CR	CSS Writing Modes Level 3
z-index	http://dev.w3.org/csswg/css-position/#propdef-z-index	ED	CSS Positioned Layout Module Level 3
z-index	http://www.w3.org/TR/2011/REC-CSS2-20110607/visuren.html#propdef-z-index	REC	CSS 2.1
z-index	http://www.w3.org/TR/2015/WD-css3-positioning-20150203/#propdef-z-index	WD	CSS Positioned Layout Module Level 3
